S-code,หน่วย,กิจกรรม,คะแนนดิบเต็ม,จำนวนครั้งที่ส่ง,คะแนนครั้งแรก(%),คะแนนสูงสุด(%),คะแนนครั้งล่าสุด(%),เคยได้เต็ม,ได้เต็มที่การส่งครั้งที่,ขอคำใบ้ (coach),ขอคำใบ้ (usage),วันส่งครั้งแรก,วันส่งครั้งสุดท้าย
S01,หน่วยที่ 1: โครงสร้างโปรแกรม C + I/O,กิจกรรม 1-A: Hello World และข้อมูลส่วนตัว,2,3,0,100,100,ใช่,2,0,0,2026-05-18,2026-05-24
S01,หน่วยที่ 1: โครงสร้างโปรแกรม C + I/O,กิจกรรม 1-B: เครื่องคิดเลข 2 ตัวเลข,3,6,0,100,50,ใช่,5,0,0,2026-05-18,2026-05-18
S01,หน่วยที่ 1: โครงสร้างโปรแกรม C + I/O,กิจกรรม 1-C: พื้นที่และเส้นรอบรูปสามเหลี่ยม,3,5,0,100,100,ใช่,5,1,0,2026-05-25,2026-05-26
S01,หน่วยที่ 1: โครงสร้างโปรแกรม C + I/O,กิจกรรม 1-D โปรแกรมคำนวณการแลกเหรียญ,3,2,0,100,100,ใช่,2,0,0,2026-05-26,2026-05-26
S01,หน่วยที่ 2: โครงสร้างการตัดสินใจ,กิจกรรม 2-A: จัดเกรด A-F,3,2,0,100,100,ใช่,2,0,0,2026-05-12,2026-05-25
S01,หน่วยที่ 2: โครงสร้างการตัดสินใจ,กิจกรรม 2-B: เมนูเครื่องคิดเลข (switch),4,1,100,100,100,ใช่,1,0,0,2026-05-25,2026-05-25
S01,หน่วยที่ 2: โครงสร้างการตัดสินใจ,กิจกรรม 2-C: ตรวจสอบปีอธิกสุรทิน,3,2,0,100,100,ใช่,2,0,0,2026-07-13,2026-07-13
S01,หน่วยที่ 3: โครงสร้างการวนซ้ำ,กิจกรรม 3-A1: 1 ถึง N โดยใช้ for loop,2,6,0,100,100,ใช่,2,0,0,2026-05-19,2026-09-07
S01,หน่วยที่ 3: โครงสร้างการวนซ้ำ,กิจกรรม 3-A2: นับถอยหลัง,2,4,100,100,100,ใช่,1,0,0,2026-05-22,2026-09-08
S01,หน่วยที่ 3: โครงสร้างการวนซ้ำ,กิจกรรม 3-A3: โครงการออมทรัพย์เพิ่มวันละบาท,2,6,45,100,100,ใช่,5,0,0,2026-05-22,2026-08-25
S01,หน่วยที่ 3: โครงสร้างการวนซ้ำ,กิจกรรม 3-A4: รวมผลบวกตัวเลขบวก,2,2,100,100,100,ใช่,1,0,0,2026-08-25,2026-09-08
S01,หน่วยที่ 3: โครงสร้างการวนซ้ำ,กิจกรรม 3-A5: ร้านขนมลาในชุมชน,3,4,80,80,80,ไม่,,3,3,2026-09-26,2026-09-26
S01,หน่วยที่ 3: โครงสร้างการวนซ้ำ,กิจกรรม 3-B1: สร้าง Pattern สามเหลี่ยมดาว,2,1,100,100,100,ใช่,1,0,0,2026-08-25,2026-08-25
S01,หน่วยที่ 3: โครงสร้างการวนซ้ำ,กิจกรรม 3-C: หาเลขจำนวนเฉพาะ 1 ถึง N,3,1,100,100,100,ใช่,1,0,0,2026-08-25,2026-08-25
S01,หน่วยที่ 4: ฟังก์ชันและ Array,กิจกรรม 4-A: ฟังก์ชันหา Max และ Min,3,1,100,100,100,ใช่,1,0,0,2026-08-25,2026-08-25
S01,หน่วยที่ 4: ฟังก์ชันและ Array,กิจกรรม 4-B: ค่าเฉลี่ย Array,3,1,100,100,100,ใช่,1,0,0,2026-08-25,2026-08-25
S01,หน่วยที่ 4: ฟังก์ชันและ Array,กิจกรรม 4-C: Debug โค้ด (3 Bug),3,3,0,100,100,ใช่,3,0,0,2026-08-25,2026-08-25
S01,หน่วยที่ 4: ฟังก์ชันและ Array,กิจกรรม 4-D ค้นหาจำนวนคู่ตัวเลขในอาร์เรย์ที่มีผลรวมเท่ากับค่าเป้าหมาย,4,3,0,100,100,ใช่,3,0,0,2026-08-25,2026-08-25
S01,หน่วยที่ 5,กิจกรรม 5-A: ระบบคำนวณเกรดเฉลี่ย,5,4,100,100,75,ใช่,1,1,1,2026-09-22,2026-09-26
S01,หน่วยที่ 5,กิจกรรม 5-B: คลังคะแนน,5,1,100,100,100,ใช่,1,0,0,2026-09-22,2026-09-22
S02,หน่วยที่ 1: โครงสร้างโปรแกรม C + I/O,กิจกรรม 1-A: Hello World และข้อมูลส่วนตัว,2,6,0,100,100,ใช่,2,3,0,2026-05-18,2026-06-13
S02,หน่วยที่ 1: โครงสร้างโปรแกรม C + I/O,กิจกรรม 1-B: เครื่องคิดเลข 2 ตัวเลข,3,5,100,100,100,ใช่,1,0,0,2026-05-18,2026-06-13
S02,หน่วยที่ 1: โครงสร้างโปรแกรม C + I/O,กิจกรรม 1-C: พื้นที่และเส้นรอบรูปสามเหลี่ยม,3,24,0,100,33,ใช่,23,3,2,2026-05-26,2026-06-13
S02,หน่วยที่ 1: โครงสร้างโปรแกรม C + I/O,กิจกรรม 1-D โปรแกรมคำนวณการแลกเหรียญ,3,7,20,100,100,ใช่,7,0,0,2026-06-09,2026-06-13
S02,หน่วยที่ 2: โครงสร้างการตัดสินใจ,กิจกรรม 2-A: จัดเกรด A-F,3,12,0,100,100,ใช่,4,1,0,2026-05-18,2026-06-22
S02,หน่วยที่ 2: โครงสร้างการตัดสินใจ,กิจกรรม 2-B: เมนูเครื่องคิดเลข (switch),4,9,0,100,100,ใช่,8,0,0,2026-06-13,2026-06-22
S02,หน่วยที่ 2: โครงสร้างการตัดสินใจ,กิจกรรม 2-C: ตรวจสอบปีอธิกสุรทิน,3,7,0,100,100,ใช่,6,0,0,2026-06-13,2026-06-22
S02,หน่วยที่ 3: โครงสร้างการวนซ้ำ,กิจกรรม 3-A1: 1 ถึง N โดยใช้ for loop,2,7,20,100,100,ใช่,3,1,0,2026-05-18,2026-09-08
S02,หน่วยที่ 3: โครงสร้างการวนซ้ำ,กิจกรรม 3-A2: นับถอยหลัง,2,9,20,100,100,ใช่,7,4,0,2026-05-19,2026-09-08
S02,หน่วยที่ 3: โครงสร้างการวนซ้ำ,กิจกรรม 3-A3: โครงการออมทรัพย์เพิ่มวันละบาท,2,55,45,100,87,ใช่,5,0,0,2026-05-22,2026-05-23
S02,หน่วยที่ 3: โครงสร้างการวนซ้ำ,กิจกรรม 3-A4: รวมผลบวกตัวเลขบวก,2,1,100,100,100,ใช่,1,0,0,2026-08-18,2026-08-18
S02,หน่วยที่ 3: โครงสร้างการวนซ้ำ,กิจกรรม 3-A5: ร้านขนมลาในชุมชน,3,3,0,80,80,ไม่,,0,0,2026-09-15,2026-09-15
S02,หน่วยที่ 3: โครงสร้างการวนซ้ำ,กิจกรรม 3-B1: สร้าง Pattern สามเหลี่ยมดาว,2,1,100,100,100,ใช่,1,0,0,2026-08-18,2026-08-18
S02,หน่วยที่ 3: โครงสร้างการวนซ้ำ,กิจกรรม 3-C: หาเลขจำนวนเฉพาะ 1 ถึง N,3,2,100,100,100,ใช่,1,0,0,2026-08-18,2026-08-25
S02,หน่วยที่ 4: ฟังก์ชันและ Array,กิจกรรม 4-A: ฟังก์ชันหา Max และ Min,3,3,0,100,100,ใช่,2,0,0,2026-08-17,2026-08-25
S02,หน่วยที่ 4: ฟังก์ชันและ Array,กิจกรรม 4-B: ค่าเฉลี่ย Array,3,1,100,100,100,ใช่,1,0,0,2026-08-25,2026-08-25
S02,หน่วยที่ 4: ฟังก์ชันและ Array,กิจกรรม 4-C: Debug โค้ด (3 Bug),3,2,100,100,100,ใช่,1,0,0,2026-08-10,2026-08-25
S02,หน่วยที่ 4: ฟังก์ชันและ Array,กิจกรรม 4-D ค้นหาจำนวนคู่ตัวเลขในอาร์เรย์ที่มีผลรวมเท่ากับค่าเป้าหมาย,4,2,0,100,100,ใช่,2,0,0,2026-08-25,2026-08-25
S02,หน่วยที่ 5,กิจกรรม 5-A: ระบบคำนวณเกรดเฉลี่ย,5,1,100,100,100,ใช่,1,0,0,2026-09-25,2026-09-25
S02,หน่วยที่ 5,กิจกรรม 5-B: คลังคะแนน,5,1,100,100,100,ใช่,1,0,0,2026-09-25,2026-09-25
S03,หน่วยที่ 1: โครงสร้างโปรแกรม C + I/O,กิจกรรม 1-A: Hello World และข้อมูลส่วนตัว,2,2,0,100,100,ใช่,2,0,0,2026-05-19,2026-05-19
S03,หน่วยที่ 1: โครงสร้างโปรแกรม C + I/O,กิจกรรม 1-B: เครื่องคิดเลข 2 ตัวเลข,3,2,0,100,100,ใช่,2,0,0,2026-05-25,2026-05-25
S03,หน่วยที่ 1: โครงสร้างโปรแกรม C + I/O,กิจกรรม 1-C: พื้นที่และเส้นรอบรูปสามเหลี่ยม,3,29,0,67,0,ไม่,,0,0,2026-05-25,2026-08-04
S03,หน่วยที่ 1: โครงสร้างโปรแกรม C + I/O,กิจกรรม 1-D โปรแกรมคำนวณการแลกเหรียญ,3,9,60,100,100,ใช่,9,0,0,2026-05-26,2026-05-26
S03,หน่วยที่ 2: โครงสร้างการตัดสินใจ,กิจกรรม 2-A: จัดเกรด A-F,3,1,100,100,100,ใช่,1,0,0,2026-05-26,2026-05-26
S03,หน่วยที่ 2: โครงสร้างการตัดสินใจ,กิจกรรม 2-B: เมนูเครื่องคิดเลข (switch),4,1,100,100,100,ใช่,1,0,0,2026-05-26,2026-05-26
S03,หน่วยที่ 2: โครงสร้างการตัดสินใจ,กิจกรรม 2-C: ตรวจสอบปีอธิกสุรทิน,3,1,100,100,100,ใช่,1,0,0,2026-05-26,2026-05-26
S03,หน่วยที่ 3: โครงสร้างการวนซ้ำ,กิจกรรม 3-A1: 1 ถึง N โดยใช้ for loop,2,12,20,100,100,ใช่,7,0,0,2026-05-19,2026-09-08
S03,หน่วยที่ 3: โครงสร้างการวนซ้ำ,กิจกรรม 3-A2: นับถอยหลัง,2,1,100,100,100,ใช่,1,0,0,2026-05-25,2026-05-25
S03,หน่วยที่ 3: โครงสร้างการวนซ้ำ,กิจกรรม 3-A3: โครงการออมทรัพย์เพิ่มวันละบาท,2,3,0,100,100,ใช่,3,0,0,2026-05-19,2026-05-25
S03,หน่วยที่ 3: โครงสร้างการวนซ้ำ,กิจกรรม 3-A4: รวมผลบวกตัวเลขบวก,2,1,100,100,100,ใช่,1,0,0,2026-08-04,2026-08-04
S03,หน่วยที่ 3: โครงสร้างการวนซ้ำ,กิจกรรม 3-A5: ร้านขนมลาในชุมชน,3,1,80,80,80,ไม่,,2,2,2026-09-26,2026-09-26
S03,หน่วยที่ 3: โครงสร้างการวนซ้ำ,กิจกรรม 3-B1: สร้าง Pattern สามเหลี่ยมดาว,2,1,100,100,100,ใช่,1,0,0,2026-08-04,2026-08-04
S03,หน่วยที่ 3: โครงสร้างการวนซ้ำ,กิจกรรม 3-C: หาเลขจำนวนเฉพาะ 1 ถึง N,3,1,100,100,100,ใช่,1,0,0,2026-08-04,2026-08-04
S03,หน่วยที่ 4: ฟังก์ชันและ Array,กิจกรรม 4-A: ฟังก์ชันหา Max และ Min,3,1,100,100,100,ใช่,1,0,0,2026-08-04,2026-08-04
S03,หน่วยที่ 4: ฟังก์ชันและ Array,กิจกรรม 4-B: ค่าเฉลี่ย Array,3,1,100,100,100,ใช่,1,0,0,2026-08-04,2026-08-04
S03,หน่วยที่ 4: ฟังก์ชันและ Array,กิจกรรม 4-C: Debug โค้ด (3 Bug),3,1,100,100,100,ใช่,1,0,0,2026-08-04,2026-08-04
S03,หน่วยที่ 5,กิจกรรม 5-A: ระบบคำนวณเกรดเฉลี่ย,5,2,100,100,75,ใช่,1,1,1,2026-09-26,2026-09-26
S04,หน่วยที่ 1: โครงสร้างโปรแกรม C + I/O,กิจกรรม 1-A: Hello World และข้อมูลส่วนตัว,2,4,0,100,100,ใช่,2,0,0,2026-05-18,2026-09-26
S04,หน่วยที่ 1: โครงสร้างโปรแกรม C + I/O,กิจกรรม 1-B: เครื่องคิดเลข 2 ตัวเลข,3,1,100,100,100,ใช่,1,0,0,2026-05-18,2026-05-18
S04,หน่วยที่ 1: โครงสร้างโปรแกรม C + I/O,กิจกรรม 1-C: พื้นที่และเส้นรอบรูปสามเหลี่ยม,3,9,0,100,0,ใช่,8,2,0,2026-05-26,2026-06-09
S04,หน่วยที่ 1: โครงสร้างโปรแกรม C + I/O,กิจกรรม 1-D โปรแกรมคำนวณการแลกเหรียญ,3,4,100,100,40,ใช่,1,0,0,2026-05-26,2026-06-09
S04,หน่วยที่ 2: โครงสร้างการตัดสินใจ,กิจกรรม 2-A: จัดเกรด A-F,3,1,100,100,100,ใช่,1,0,0,2026-06-08,2026-06-08
S04,หน่วยที่ 2: โครงสร้างการตัดสินใจ,กิจกรรม 2-B: เมนูเครื่องคิดเลข (switch),4,20,0,100,100,ใช่,19,0,0,2026-06-09,2026-06-22
S04,หน่วยที่ 2: โครงสร้างการตัดสินใจ,กิจกรรม 2-C: ตรวจสอบปีอธิกสุรทิน,3,17,67,100,0,ใช่,15,0,0,2026-06-09,2026-07-06
S04,หน่วยที่ 3: โครงสร้างการวนซ้ำ,กิจกรรม 3-A1: 1 ถึง N โดยใช้ for loop,2,9,20,100,100,ใช่,2,1,0,2026-05-18,2026-09-08
S04,หน่วยที่ 3: โครงสร้างการวนซ้ำ,กิจกรรม 3-A2: นับถอยหลัง,2,5,20,100,40,ใช่,2,0,0,2026-05-22,2026-09-08
S04,หน่วยที่ 3: โครงสร้างการวนซ้ำ,กิจกรรม 3-A3: โครงการออมทรัพย์เพิ่มวันละบาท,2,4,0,100,0,ใช่,2,0,0,2026-05-22,2026-07-06
S04,หน่วยที่ 3: โครงสร้างการวนซ้ำ,กิจกรรม 3-A4: รวมผลบวกตัวเลขบวก,2,2,100,100,100,ใช่,1,0,0,2026-07-06,2026-09-15
S04,หน่วยที่ 3: โครงสร้างการวนซ้ำ,กิจกรรม 3-A5: ร้านขนมลาในชุมชน,3,16,0,80,80,ไม่,,0,0,2026-09-07,2026-09-25
S04,หน่วยที่ 3: โครงสร้างการวนซ้ำ,กิจกรรม 3-B1: สร้าง Pattern สามเหลี่ยมดาว,2,3,100,100,100,ใช่,1,0,0,2026-07-13,2026-09-15
S04,หน่วยที่ 3: โครงสร้างการวนซ้ำ,กิจกรรม 3-C: หาเลขจำนวนเฉพาะ 1 ถึง N,3,1,100,100,100,ใช่,1,0,0,2026-07-13,2026-07-13
S04,หน่วยที่ 4: ฟังก์ชันและ Array,กิจกรรม 4-A: ฟังก์ชันหา Max และ Min,3,1,100,100,100,ใช่,1,0,0,2026-08-17,2026-08-17
S04,หน่วยที่ 4: ฟังก์ชันและ Array,กิจกรรม 4-B: ค่าเฉลี่ย Array,3,3,0,100,100,ใช่,2,0,0,2026-08-17,2026-09-15
S04,หน่วยที่ 4: ฟังก์ชันและ Array,กิจกรรม 4-C: Debug โค้ด (3 Bug),3,2,100,100,100,ใช่,1,0,0,2026-08-17,2026-09-15
S04,หน่วยที่ 4: ฟังก์ชันและ Array,กิจกรรม 4-D ค้นหาจำนวนคู่ตัวเลขในอาร์เรย์ที่มีผลรวมเท่ากับค่าเป้าหมาย,4,2,0,100,100,ใช่,2,0,0,2026-08-25,2026-08-25
S04,หน่วยที่ 5,กิจกรรม 5-A: ระบบคำนวณเกรดเฉลี่ย,5,5,0,100,100,ใช่,5,0,3,2026-09-21,2026-09-21
S04,หน่วยที่ 5,กิจกรรม 5-B: คลังคะแนน,5,2,0,100,100,ใช่,2,0,4,2026-09-21,2026-09-22
S05,หน่วยที่ 1: โครงสร้างโปรแกรม C + I/O,กิจกรรม 1-A: Hello World และข้อมูลส่วนตัว,2,5,33,100,100,ใช่,3,3,0,2026-05-12,2026-09-25
S05,หน่วยที่ 1: โครงสร้างโปรแกรม C + I/O,กิจกรรม 1-B: เครื่องคิดเลข 2 ตัวเลข,3,8,0,100,25,ใช่,7,0,0,2026-05-18,2026-05-26
S05,หน่วยที่ 1: โครงสร้างโปรแกรม C + I/O,กิจกรรม 1-C: พื้นที่และเส้นรอบรูปสามเหลี่ยม,3,3,0,100,100,ใช่,2,0,0,2026-05-26,2026-05-26
S05,หน่วยที่ 1: โครงสร้างโปรแกรม C + I/O,กิจกรรม 1-D โปรแกรมคำนวณการแลกเหรียญ,3,9,80,100,100,ใช่,9,0,0,2026-05-26,2026-05-26
S05,หน่วยที่ 2: โครงสร้างการตัดสินใจ,กิจกรรม 2-A: จัดเกรด A-F,3,3,0,100,100,ใช่,2,0,0,2026-05-18,2026-06-09
S05,หน่วยที่ 2: โครงสร้างการตัดสินใจ,กิจกรรม 2-B: เมนูเครื่องคิดเลข (switch),4,10,0,100,100,ใช่,9,0,0,2026-06-09,2026-06-22
S05,หน่วยที่ 2: โครงสร้างการตัดสินใจ,กิจกรรม 2-C: ตรวจสอบปีอธิกสุรทิน,3,20,67,100,100,ใช่,20,0,0,2026-06-09,2026-06-09
S05,หน่วยที่ 3: โครงสร้างการวนซ้ำ,กิจกรรม 3-A1: 1 ถึง N โดยใช้ for loop,2,9,40,100,100,ใช่,5,0,0,2026-05-19,2026-09-15
S05,หน่วยที่ 3: โครงสร้างการวนซ้ำ,กิจกรรม 3-A2: นับถอยหลัง,2,10,40,100,100,ใช่,7,4,0,2026-05-22,2026-09-15
S05,หน่วยที่ 3: โครงสร้างการวนซ้ำ,กิจกรรม 3-A3: โครงการออมทรัพย์เพิ่มวันละบาท,2,7,0,100,100,ใช่,3,0,0,2026-05-22,2026-09-15
S05,หน่วยที่ 3: โครงสร้างการวนซ้ำ,กิจกรรม 3-A4: รวมผลบวกตัวเลขบวก,2,3,0,100,100,ใช่,3,0,0,2026-09-15,2026-09-25
S05,หน่วยที่ 3: โครงสร้างการวนซ้ำ,กิจกรรม 3-A5: ร้านขนมลาในชุมชน,3,4,0,80,80,ไม่,,0,4,2026-09-15,2026-09-25
S05,หน่วยที่ 3: โครงสร้างการวนซ้ำ,กิจกรรม 3-B1: สร้าง Pattern สามเหลี่ยมดาว,2,1,100,100,100,ใช่,1,0,0,2026-09-25,2026-09-25
S05,หน่วยที่ 3: โครงสร้างการวนซ้ำ,กิจกรรม 3-C: หาเลขจำนวนเฉพาะ 1 ถึง N,3,1,100,100,100,ใช่,1,0,0,2026-09-25,2026-09-25
S05,หน่วยที่ 4: ฟังก์ชันและ Array,กิจกรรม 4-A: ฟังก์ชันหา Max และ Min,3,3,0,100,100,ใช่,3,0,4,2026-08-11,2026-08-11
S05,หน่วยที่ 4: ฟังก์ชันและ Array,กิจกรรม 4-B: ค่าเฉลี่ย Array,3,1,100,100,100,ใช่,1,0,0,2026-09-25,2026-09-25
S05,หน่วยที่ 4: ฟังก์ชันและ Array,กิจกรรม 4-C: Debug โค้ด (3 Bug),3,1,100,100,100,ใช่,1,0,0,2026-09-25,2026-09-25
S05,หน่วยที่ 4: ฟังก์ชันและ Array,กิจกรรม 4-D ค้นหาจำนวนคู่ตัวเลขในอาร์เรย์ที่มีผลรวมเท่ากับค่าเป้าหมาย,4,4,0,100,100,ใช่,3,0,8,2026-08-18,2026-09-25
S05,หน่วยที่ 5,กิจกรรม 5-A: ระบบคำนวณเกรดเฉลี่ย,5,2,0,100,100,ใช่,2,0,0,2026-09-25,2026-09-25
S05,หน่วยที่ 5,กิจกรรม 5-B: คลังคะแนน,5,1,100,100,100,ใช่,1,0,0,2026-09-25,2026-09-25
S06,หน่วยที่ 1: โครงสร้างโปรแกรม C + I/O,กิจกรรม 1-A: Hello World และข้อมูลส่วนตัว,2,4,100,100,100,ใช่,1,0,0,2026-05-18,2026-05-19
S06,หน่วยที่ 1: โครงสร้างโปรแกรม C + I/O,กิจกรรม 1-B: เครื่องคิดเลข 2 ตัวเลข,3,1,100,100,100,ใช่,1,0,0,2026-05-18,2026-05-18
S06,หน่วยที่ 1: โครงสร้างโปรแกรม C + I/O,กิจกรรม 1-C: พื้นที่และเส้นรอบรูปสามเหลี่ยม,3,2,67,100,100,ใช่,2,0,0,2026-05-26,2026-05-26
S06,หน่วยที่ 1: โครงสร้างโปรแกรม C + I/O,กิจกรรม 1-D โปรแกรมคำนวณการแลกเหรียญ,3,1,100,100,100,ใช่,1,0,0,2026-05-26,2026-05-26
S06,หน่วยที่ 2: โครงสร้างการตัดสินใจ,กิจกรรม 2-A: จัดเกรด A-F,3,7,67,100,67,ใช่,4,1,1,2026-06-08,2026-06-09
S06,หน่วยที่ 2: โครงสร้างการตัดสินใจ,กิจกรรม 2-B: เมนูเครื่องคิดเลข (switch),4,2,0,100,100,ใช่,2,0,0,2026-06-09,2026-06-09
S06,หน่วยที่ 2: โครงสร้างการตัดสินใจ,กิจกรรม 2-C: ตรวจสอบปีอธิกสุรทิน,3,10,0,100,100,ใช่,10,2,2,2026-06-09,2026-06-09
S06,หน่วยที่ 3: โครงสร้างการวนซ้ำ,กิจกรรม 3-A1: 1 ถึง N โดยใช้ for loop,2,1,100,100,100,ใช่,1,0,0,2026-05-25,2026-05-25
S06,หน่วยที่ 3: โครงสร้างการวนซ้ำ,กิจกรรม 3-A2: นับถอยหลัง,2,1,100,100,100,ใช่,1,0,0,2026-05-25,2026-05-25
S06,หน่วยที่ 3: โครงสร้างการวนซ้ำ,กิจกรรม 3-A3: โครงการออมทรัพย์เพิ่มวันละบาท,2,1,100,100,100,ใช่,1,0,0,2026-05-25,2026-05-25
S06,หน่วยที่ 3: โครงสร้างการวนซ้ำ,กิจกรรม 3-A4: รวมผลบวกตัวเลขบวก,2,1,100,100,100,ใช่,1,0,0,2026-07-13,2026-07-13
S06,หน่วยที่ 3: โครงสร้างการวนซ้ำ,กิจกรรม 3-A5: ร้านขนมลาในชุมชน,3,2,80,80,80,ไม่,,0,0,2026-09-22,2026-09-25
S06,หน่วยที่ 3: โครงสร้างการวนซ้ำ,กิจกรรม 3-B1: สร้าง Pattern สามเหลี่ยมดาว,2,1,100,100,100,ใช่,1,0,0,2026-09-22,2026-09-22
S06,หน่วยที่ 3: โครงสร้างการวนซ้ำ,กิจกรรม 3-C: หาเลขจำนวนเฉพาะ 1 ถึง N,3,1,100,100,100,ใช่,1,0,0,2026-09-22,2026-09-22
S06,หน่วยที่ 4: ฟังก์ชันและ Array,กิจกรรม 4-A: ฟังก์ชันหา Max และ Min,3,1,100,100,100,ใช่,1,0,0,2026-09-25,2026-09-25
S06,หน่วยที่ 4: ฟังก์ชันและ Array,กิจกรรม 4-B: ค่าเฉลี่ย Array,3,1,100,100,100,ใช่,1,0,0,2026-09-25,2026-09-25
S06,หน่วยที่ 4: ฟังก์ชันและ Array,กิจกรรม 4-C: Debug โค้ด (3 Bug),3,1,100,100,100,ใช่,1,0,0,2026-09-25,2026-09-25
S06,หน่วยที่ 4: ฟังก์ชันและ Array,กิจกรรม 4-D ค้นหาจำนวนคู่ตัวเลขในอาร์เรย์ที่มีผลรวมเท่ากับค่าเป้าหมาย,4,1,100,100,100,ใช่,1,0,0,2026-09-25,2026-09-25
S06,หน่วยที่ 5,กิจกรรม 5-A: ระบบคำนวณเกรดเฉลี่ย,5,1,100,100,100,ใช่,1,0,0,2026-09-25,2026-09-25
S06,หน่วยที่ 5,กิจกรรม 5-B: คลังคะแนน,5,1,100,100,100,ใช่,1,0,0,2026-09-25,2026-09-25
S07,หน่วยที่ 1: โครงสร้างโปรแกรม C + I/O,กิจกรรม 1-A: Hello World และข้อมูลส่วนตัว,2,4,0,100,100,ใช่,3,1,1,2026-06-02,2026-09-25
S07,หน่วยที่ 1: โครงสร้างโปรแกรม C + I/O,กิจกรรม 1-B: เครื่องคิดเลข 2 ตัวเลข,3,3,100,100,100,ใช่,1,0,0,2026-06-08,2026-09-25
S07,หน่วยที่ 1: โครงสร้างโปรแกรม C + I/O,กิจกรรม 1-C: พื้นที่และเส้นรอบรูปสามเหลี่ยม,3,3,100,100,100,ใช่,1,0,0,2026-06-08,2026-09-25
S07,หน่วยที่ 1: โครงสร้างโปรแกรม C + I/O,กิจกรรม 1-D โปรแกรมคำนวณการแลกเหรียญ,3,3,100,100,100,ใช่,1,0,0,2026-06-08,2026-09-25
S07,หน่วยที่ 2: โครงสร้างการตัดสินใจ,กิจกรรม 2-A: จัดเกรด A-F,3,5,0,100,100,ใช่,3,1,0,2026-05-19,2026-09-25
S07,หน่วยที่ 2: โครงสร้างการตัดสินใจ,กิจกรรม 2-B: เมนูเครื่องคิดเลข (switch),4,12,0,100,100,ใช่,11,0,0,2026-06-09,2026-09-25
S07,หน่วยที่ 2: โครงสร้างการตัดสินใจ,กิจกรรม 2-C: ตรวจสอบปีอธิกสุรทิน,3,2,0,100,100,ใช่,2,0,0,2026-06-09,2026-09-25
S07,หน่วยที่ 3: โครงสร้างการวนซ้ำ,กิจกรรม 3-A1: 1 ถึง N โดยใช้ for loop,2,2,100,100,100,ใช่,1,0,0,2026-06-08,2026-09-25
S07,หน่วยที่ 3: โครงสร้างการวนซ้ำ,กิจกรรม 3-A2: นับถอยหลัง,2,2,80,100,100,ใช่,2,0,0,2026-06-08,2026-09-25
S07,หน่วยที่ 3: โครงสร้างการวนซ้ำ,กิจกรรม 3-A3: โครงการออมทรัพย์เพิ่มวันละบาท,2,2,96,100,100,ใช่,2,0,0,2026-06-08,2026-09-25
S07,หน่วยที่ 3: โครงสร้างการวนซ้ำ,กิจกรรม 3-A4: รวมผลบวกตัวเลขบวก,2,1,100,100,100,ใช่,1,0,0,2026-09-25,2026-09-25
S07,หน่วยที่ 3: โครงสร้างการวนซ้ำ,กิจกรรม 3-A5: ร้านขนมลาในชุมชน,3,1,80,80,80,ไม่,,0,0,2026-09-25,2026-09-25
S07,หน่วยที่ 3: โครงสร้างการวนซ้ำ,กิจกรรม 3-B1: สร้าง Pattern สามเหลี่ยมดาว,2,1,100,100,100,ใช่,1,0,0,2026-09-25,2026-09-25
S07,หน่วยที่ 3: โครงสร้างการวนซ้ำ,กิจกรรม 3-C: หาเลขจำนวนเฉพาะ 1 ถึง N,3,1,100,100,100,ใช่,1,0,0,2026-09-25,2026-09-25
S07,หน่วยที่ 4: ฟังก์ชันและ Array,กิจกรรม 4-A: ฟังก์ชันหา Max และ Min,3,1,100,100,100,ใช่,1,0,0,2026-09-25,2026-09-25
S07,หน่วยที่ 4: ฟังก์ชันและ Array,กิจกรรม 4-B: ค่าเฉลี่ย Array,3,1,100,100,100,ใช่,1,0,0,2026-09-25,2026-09-25
S07,หน่วยที่ 4: ฟังก์ชันและ Array,กิจกรรม 4-C: Debug โค้ด (3 Bug),3,1,100,100,100,ใช่,1,0,0,2026-09-25,2026-09-25
S07,หน่วยที่ 4: ฟังก์ชันและ Array,กิจกรรม 4-D ค้นหาจำนวนคู่ตัวเลขในอาร์เรย์ที่มีผลรวมเท่ากับค่าเป้าหมาย,4,1,100,100,100,ใช่,1,0,0,2026-09-25,2026-09-25
S07,หน่วยที่ 5,กิจกรรม 5-A: ระบบคำนวณเกรดเฉลี่ย,5,4,100,100,75,ใช่,1,3,3,2026-09-25,2026-09-26
S07,หน่วยที่ 5,กิจกรรม 5-B: คลังคะแนน,5,1,100,100,100,ใช่,1,0,0,2026-09-25,2026-09-25
S08,หน่วยที่ 1: โครงสร้างโปรแกรม C + I/O,กิจกรรม 1-A: Hello World และข้อมูลส่วนตัว,2,1,100,100,100,ใช่,1,0,0,2026-05-18,2026-05-18
S08,หน่วยที่ 1: โครงสร้างโปรแกรม C + I/O,กิจกรรม 1-B: เครื่องคิดเลข 2 ตัวเลข,3,5,75,100,100,ใช่,5,1,0,2026-05-18,2026-05-18
S08,หน่วยที่ 1: โครงสร้างโปรแกรม C + I/O,กิจกรรม 1-C: พื้นที่และเส้นรอบรูปสามเหลี่ยม,3,5,0,100,100,ใช่,5,1,1,2026-06-09,2026-06-22
S08,หน่วยที่ 1: โครงสร้างโปรแกรม C + I/O,กิจกรรม 1-D โปรแกรมคำนวณการแลกเหรียญ,3,1,100,100,100,ใช่,1,0,0,2026-07-13,2026-07-13
S08,หน่วยที่ 2: โครงสร้างการตัดสินใจ,กิจกรรม 2-A: จัดเกรด A-F,3,7,0,100,100,ใช่,7,0,0,2026-06-09,2026-06-22
S08,หน่วยที่ 2: โครงสร้างการตัดสินใจ,กิจกรรม 2-B: เมนูเครื่องคิดเลข (switch),4,1,100,100,100,ใช่,1,0,0,2026-06-22,2026-06-22
S08,หน่วยที่ 2: โครงสร้างการตัดสินใจ,กิจกรรม 2-C: ตรวจสอบปีอธิกสุรทิน,3,2,0,100,100,ใช่,2,0,0,2026-07-13,2026-07-13
S08,หน่วยที่ 3: โครงสร้างการวนซ้ำ,กิจกรรม 3-A1: 1 ถึง N โดยใช้ for loop,2,2,100,100,100,ใช่,1,0,0,2026-05-19,2026-09-07
S08,หน่วยที่ 3: โครงสร้างการวนซ้ำ,กิจกรรม 3-A2: นับถอยหลัง,2,1,100,100,100,ใช่,1,0,0,2026-05-19,2026-05-19
S08,หน่วยที่ 3: โครงสร้างการวนซ้ำ,กิจกรรม 3-A3: โครงการออมทรัพย์เพิ่มวันละบาท,2,3,3,100,100,ใช่,3,0,0,2026-05-19,2026-05-25
S08,หน่วยที่ 3: โครงสร้างการวนซ้ำ,กิจกรรม 3-A4: รวมผลบวกตัวเลขบวก,2,2,100,100,100,ใช่,1,0,0,2026-07-06,2026-07-06
S08,หน่วยที่ 3: โครงสร้างการวนซ้ำ,กิจกรรม 3-A5: ร้านขนมลาในชุมชน,3,1,80,80,80,ไม่,,1,1,2026-09-26,2026-09-26
S08,หน่วยที่ 3: โครงสร้างการวนซ้ำ,กิจกรรม 3-B1: สร้าง Pattern สามเหลี่ยมดาว,2,1,100,100,100,ใช่,1,0,0,2026-07-13,2026-07-13
S08,หน่วยที่ 3: โครงสร้างการวนซ้ำ,กิจกรรม 3-C: หาเลขจำนวนเฉพาะ 1 ถึง N,3,1,100,100,100,ใช่,1,0,0,2026-07-13,2026-07-13
S08,หน่วยที่ 4: ฟังก์ชันและ Array,กิจกรรม 4-A: ฟังก์ชันหา Max และ Min,3,1,100,100,100,ใช่,1,0,0,2026-09-22,2026-09-22
S08,หน่วยที่ 4: ฟังก์ชันและ Array,กิจกรรม 4-B: ค่าเฉลี่ย Array,3,1,100,100,100,ใช่,1,0,0,2026-09-22,2026-09-22
S08,หน่วยที่ 4: ฟังก์ชันและ Array,กิจกรรม 4-C: Debug โค้ด (3 Bug),3,1,100,100,100,ใช่,1,0,0,2026-09-22,2026-09-22
S08,หน่วยที่ 4: ฟังก์ชันและ Array,กิจกรรม 4-D ค้นหาจำนวนคู่ตัวเลขในอาร์เรย์ที่มีผลรวมเท่ากับค่าเป้าหมาย,4,2,20,20,20,ไม่,,1,1,2026-09-22,2026-09-22
S08,หน่วยที่ 5,กิจกรรม 5-A: ระบบคำนวณเกรดเฉลี่ย,5,3,75,100,75,ใช่,2,2,2,2026-09-22,2026-09-26
S08,หน่วยที่ 5,กิจกรรม 5-B: คลังคะแนน,5,1,100,100,100,ใช่,1,0,0,2026-09-22,2026-09-22
S09,หน่วยที่ 1: โครงสร้างโปรแกรม C + I/O,กิจกรรม 1-A: Hello World และข้อมูลส่วนตัว,2,4,0,100,100,ใช่,4,0,0,2026-05-19,2026-05-31
S09,หน่วยที่ 1: โครงสร้างโปรแกรม C + I/O,กิจกรรม 1-B: เครื่องคิดเลข 2 ตัวเลข,3,3,0,100,100,ใช่,3,0,0,2026-05-31,2026-05-31
S09,หน่วยที่ 1: โครงสร้างโปรแกรม C + I/O,กิจกรรม 1-C: พื้นที่และเส้นรอบรูปสามเหลี่ยม,3,17,0,0,0,ไม่,,1,1,2026-05-31,2026-09-25
S09,หน่วยที่ 1: โครงสร้างโปรแกรม C + I/O,กิจกรรม 1-D โปรแกรมคำนวณการแลกเหรียญ,3,1,100,100,100,ใช่,1,0,0,2026-06-22,2026-06-22
S09,หน่วยที่ 2: โครงสร้างการตัดสินใจ,กิจกรรม 2-A: จัดเกรด A-F,3,3,0,100,100,ใช่,3,0,0,2026-05-18,2026-06-09
S09,หน่วยที่ 2: โครงสร้างการตัดสินใจ,กิจกรรม 2-B: เมนูเครื่องคิดเลข (switch),4,7,75,75,25,ไม่,,0,0,2026-06-09,2026-06-09
S09,หน่วยที่ 2: โครงสร้างการตัดสินใจ,กิจกรรม 2-C: ตรวจสอบปีอธิกสุรทิน,3,1,100,100,100,ใช่,1,0,0,2026-05-31,2026-05-31
S09,หน่วยที่ 3: โครงสร้างการวนซ้ำ,กิจกรรม 3-A1: 1 ถึง N โดยใช้ for loop,2,5,20,100,100,ใช่,5,0,0,2026-05-19,2026-05-25
S09,หน่วยที่ 3: โครงสร้างการวนซ้ำ,กิจกรรม 3-A2: นับถอยหลัง,2,5,0,100,100,ใช่,5,0,0,2026-05-24,2026-05-25
S09,หน่วยที่ 3: โครงสร้างการวนซ้ำ,กิจกรรม 3-A3: โครงการออมทรัพย์เพิ่มวันละบาท,2,2,0,96,96,ไม่,,0,0,2026-05-25,2026-05-25
S09,หน่วยที่ 3: โครงสร้างการวนซ้ำ,กิจกรรม 3-A4: รวมผลบวกตัวเลขบวก,2,1,100,100,100,ใช่,1,0,0,2026-09-25,2026-09-25
S09,หน่วยที่ 3: โครงสร้างการวนซ้ำ,กิจกรรม 3-A5: ร้านขนมลาในชุมชน,3,1,80,80,80,ไม่,,0,0,2026-09-25,2026-09-25
S09,หน่วยที่ 3: โครงสร้างการวนซ้ำ,กิจกรรม 3-B1: สร้าง Pattern สามเหลี่ยมดาว,2,2,25,100,100,ใช่,2,0,0,2026-06-27,2026-06-27
S09,หน่วยที่ 3: โครงสร้างการวนซ้ำ,กิจกรรม 3-C: หาเลขจำนวนเฉพาะ 1 ถึง N,3,1,100,100,100,ใช่,1,0,0,2026-05-31,2026-05-31
S09,หน่วยที่ 4: ฟังก์ชันและ Array,กิจกรรม 4-A: ฟังก์ชันหา Max และ Min,3,1,100,100,100,ใช่,1,0,0,2026-06-27,2026-06-27
S09,หน่วยที่ 4: ฟังก์ชันและ Array,กิจกรรม 4-B: ค่าเฉลี่ย Array,3,2,0,100,100,ใช่,2,0,0,2026-06-27,2026-06-27
S09,หน่วยที่ 4: ฟังก์ชันและ Array,กิจกรรม 4-C: Debug โค้ด (3 Bug),3,1,100,100,100,ใช่,1,0,0,2026-06-27,2026-06-27
S09,หน่วยที่ 4: ฟังก์ชันและ Array,กิจกรรม 4-D ค้นหาจำนวนคู่ตัวเลขในอาร์เรย์ที่มีผลรวมเท่ากับค่าเป้าหมาย,4,1,100,100,100,ใช่,1,0,0,2026-09-25,2026-09-25
S09,หน่วยที่ 5,กิจกรรม 5-A: ระบบคำนวณเกรดเฉลี่ย,5,1,100,100,100,ใช่,1,0,0,2026-09-25,2026-09-25
S09,หน่วยที่ 5,กิจกรรม 5-B: คลังคะแนน,5,1,100,100,100,ใช่,1,0,0,2026-09-25,2026-09-25
S10,หน่วยที่ 1: โครงสร้างโปรแกรม C + I/O,กิจกรรม 1-A: Hello World และข้อมูลส่วนตัว,2,4,0,100,0,ใช่,3,0,0,2026-05-26,2026-09-15
S10,หน่วยที่ 1: โครงสร้างโปรแกรม C + I/O,กิจกรรม 1-B: เครื่องคิดเลข 2 ตัวเลข,3,14,0,100,100,ใช่,14,0,0,2026-05-26,2026-07-13
S10,หน่วยที่ 1: โครงสร้างโปรแกรม C + I/O,กิจกรรม 1-C: พื้นที่และเส้นรอบรูปสามเหลี่ยม,3,1,100,100,100,ใช่,1,0,0,2026-05-26,2026-05-26
S10,หน่วยที่ 1: โครงสร้างโปรแกรม C + I/O,กิจกรรม 1-D โปรแกรมคำนวณการแลกเหรียญ,3,3,0,100,100,ใช่,3,0,0,2026-05-26,2026-07-05
S10,หน่วยที่ 2: โครงสร้างการตัดสินใจ,กิจกรรม 2-A: จัดเกรด A-F,3,2,100,100,100,ใช่,1,0,0,2026-07-05,2026-07-05
S10,หน่วยที่ 2: โครงสร้างการตัดสินใจ,กิจกรรม 2-B: เมนูเครื่องคิดเลข (switch),4,1,100,100,100,ใช่,1,0,0,2026-07-05,2026-07-05
S10,หน่วยที่ 2: โครงสร้างการตัดสินใจ,กิจกรรม 2-C: ตรวจสอบปีอธิกสุรทิน,3,1,100,100,100,ใช่,1,0,0,2026-07-05,2026-07-05
S10,หน่วยที่ 3: โครงสร้างการวนซ้ำ,กิจกรรม 3-A1: 1 ถึง N โดยใช้ for loop,2,1,100,100,100,ใช่,1,0,0,2026-05-24,2026-05-24
S10,หน่วยที่ 3: โครงสร้างการวนซ้ำ,กิจกรรม 3-A2: นับถอยหลัง,2,3,100,100,100,ใช่,1,0,0,2026-05-24,2026-05-24
S10,หน่วยที่ 3: โครงสร้างการวนซ้ำ,กิจกรรม 3-A3: โครงการออมทรัพย์เพิ่มวันละบาท,2,1,100,100,100,ใช่,1,0,0,2026-05-24,2026-05-24
S10,หน่วยที่ 3: โครงสร้างการวนซ้ำ,กิจกรรม 3-A4: รวมผลบวกตัวเลขบวก,2,3,0,100,100,ใช่,3,0,0,2026-07-05,2026-07-13
S10,หน่วยที่ 3: โครงสร้างการวนซ้ำ,กิจกรรม 3-A5: ร้านขนมลาในชุมชน,3,2,80,80,80,ไม่,,2,2,2026-09-26,2026-09-26
S10,หน่วยที่ 3: โครงสร้างการวนซ้ำ,กิจกรรม 3-B1: สร้าง Pattern สามเหลี่ยมดาว,2,1,100,100,100,ใช่,1,0,0,2026-07-05,2026-07-05
S10,หน่วยที่ 3: โครงสร้างการวนซ้ำ,กิจกรรม 3-C: หาเลขจำนวนเฉพาะ 1 ถึง N,3,1,100,100,100,ใช่,1,0,0,2026-07-05,2026-07-05
S10,หน่วยที่ 4: ฟังก์ชันและ Array,กิจกรรม 4-A: ฟังก์ชันหา Max และ Min,3,1,100,100,100,ใช่,1,0,0,2026-07-13,2026-07-13
S10,หน่วยที่ 4: ฟังก์ชันและ Array,กิจกรรม 4-B: ค่าเฉลี่ย Array,3,2,100,100,100,ใช่,1,0,0,2026-07-13,2026-09-15
S10,หน่วยที่ 4: ฟังก์ชันและ Array,กิจกรรม 4-C: Debug โค้ด (3 Bug),3,1,100,100,100,ใช่,1,0,0,2026-07-13,2026-07-13
S10,หน่วยที่ 5,กิจกรรม 5-A: ระบบคำนวณเกรดเฉลี่ย,5,1,100,100,100,ใช่,1,0,0,2026-09-22,2026-09-22
S10,หน่วยที่ 5,กิจกรรม 5-B: คลังคะแนน,5,1,0,0,0,ไม่,,0,0,2026-09-22,2026-09-22
S11,หน่วยที่ 1: โครงสร้างโปรแกรม C + I/O,กิจกรรม 1-A: Hello World และข้อมูลส่วนตัว,2,3,0,100,100,ใช่,2,0,0,2026-05-18,2026-05-19
S11,หน่วยที่ 1: โครงสร้างโปรแกรม C + I/O,กิจกรรม 1-B: เครื่องคิดเลข 2 ตัวเลข,3,1,100,100,100,ใช่,1,0,0,2026-05-19,2026-05-19
S11,หน่วยที่ 1: โครงสร้างโปรแกรม C + I/O,กิจกรรม 1-C: พื้นที่และเส้นรอบรูปสามเหลี่ยม,3,5,67,100,100,ใช่,5,1,1,2026-06-07,2026-09-22
S11,หน่วยที่ 1: โครงสร้างโปรแกรม C + I/O,กิจกรรม 1-D โปรแกรมคำนวณการแลกเหรียญ,3,1,100,100,100,ใช่,1,0,0,2026-06-07,2026-06-07
S11,หน่วยที่ 2: โครงสร้างการตัดสินใจ,กิจกรรม 2-A: จัดเกรด A-F,3,3,0,100,100,ใช่,3,0,0,2026-05-11,2026-05-23
S11,หน่วยที่ 2: โครงสร้างการตัดสินใจ,กิจกรรม 2-B: เมนูเครื่องคิดเลข (switch),4,4,50,100,100,ใช่,4,0,0,2026-05-23,2026-06-06
S11,หน่วยที่ 2: โครงสร้างการตัดสินใจ,กิจกรรม 2-C: ตรวจสอบปีอธิกสุรทิน,3,1,100,100,100,ใช่,1,0,0,2026-09-22,2026-09-22
S11,หน่วยที่ 3: โครงสร้างการวนซ้ำ,กิจกรรม 3-A1: 1 ถึง N โดยใช้ for loop,2,11,20,100,100,ใช่,3,2,1,2026-05-19,2026-06-06
S11,หน่วยที่ 3: โครงสร้างการวนซ้ำ,กิจกรรม 3-A2: นับถอยหลัง,2,4,40,100,100,ใช่,3,0,0,2026-05-22,2026-05-23
S11,หน่วยที่ 3: โครงสร้างการวนซ้ำ,กิจกรรม 3-A3: โครงการออมทรัพย์เพิ่มวันละบาท,2,6,0,100,100,ใช่,6,0,0,2026-05-22,2026-05-23
S11,หน่วยที่ 3: โครงสร้างการวนซ้ำ,กิจกรรม 3-A4: รวมผลบวกตัวเลขบวก,2,1,100,100,100,ใช่,1,0,0,2026-09-22,2026-09-22
S11,หน่วยที่ 3: โครงสร้างการวนซ้ำ,กิจกรรม 3-A5: ร้านขนมลาในชุมชน,3,1,80,80,80,ไม่,,0,0,2026-09-22,2026-09-22
S11,หน่วยที่ 3: โครงสร้างการวนซ้ำ,กิจกรรม 3-B1: สร้าง Pattern สามเหลี่ยมดาว,2,1,100,100,100,ใช่,1,0,0,2026-05-23,2026-05-23
S11,หน่วยที่ 3: โครงสร้างการวนซ้ำ,กิจกรรม 3-C: หาเลขจำนวนเฉพาะ 1 ถึง N,3,1,100,100,100,ใช่,1,0,0,2026-05-23,2026-05-23
S11,หน่วยที่ 4: ฟังก์ชันและ Array,กิจกรรม 4-A: ฟังก์ชันหา Max และ Min,3,3,100,100,0,ใช่,1,0,0,2026-05-23,2026-05-24
S11,หน่วยที่ 4: ฟังก์ชันและ Array,กิจกรรม 4-B: ค่าเฉลี่ย Array,3,6,100,100,0,ใช่,1,1,1,2026-05-23,2026-09-24
S11,หน่วยที่ 4: ฟังก์ชันและ Array,กิจกรรม 4-C: Debug โค้ด (3 Bug),3,1,100,100,100,ใช่,1,0,0,2026-05-24,2026-05-24
S11,หน่วยที่ 4: ฟังก์ชันและ Array,กิจกรรม 4-D ค้นหาจำนวนคู่ตัวเลขในอาร์เรย์ที่มีผลรวมเท่ากับค่าเป้าหมาย,4,1,100,100,100,ใช่,1,0,0,2026-09-22,2026-09-22
S11,หน่วยที่ 5,กิจกรรม 5-A: ระบบคำนวณเกรดเฉลี่ย,5,1,100,100,100,ใช่,1,0,0,2026-09-22,2026-09-22
S11,หน่วยที่ 5,กิจกรรม 5-B: คลังคะแนน,5,1,100,100,100,ใช่,1,0,0,2026-09-22,2026-09-22
S12,หน่วยที่ 1: โครงสร้างโปรแกรม C + I/O,กิจกรรม 1-A: Hello World และข้อมูลส่วนตัว,2,1,100,100,100,ใช่,1,0,0,2026-05-18,2026-05-18
S12,หน่วยที่ 1: โครงสร้างโปรแกรม C + I/O,กิจกรรม 1-B: เครื่องคิดเลข 2 ตัวเลข,3,1,100,100,100,ใช่,1,0,0,2026-05-18,2026-05-18
S12,หน่วยที่ 1: โครงสร้างโปรแกรม C + I/O,กิจกรรม 1-C: พื้นที่และเส้นรอบรูปสามเหลี่ยม,3,3,67,100,100,ใช่,2,0,0,2026-05-26,2026-06-22
S12,หน่วยที่ 1: โครงสร้างโปรแกรม C + I/O,กิจกรรม 1-D โปรแกรมคำนวณการแลกเหรียญ,3,4,0,100,100,ใช่,4,0,0,2026-05-26,2026-05-26
S12,หน่วยที่ 2: โครงสร้างการตัดสินใจ,กิจกรรม 2-A: จัดเกรด A-F,3,8,100,100,67,ใช่,1,3,3,2026-05-25,2026-09-26
S12,หน่วยที่ 2: โครงสร้างการตัดสินใจ,กิจกรรม 2-B: เมนูเครื่องคิดเลข (switch),4,3,50,100,100,ใช่,3,0,0,2026-06-09,2026-06-09
S12,หน่วยที่ 2: โครงสร้างการตัดสินใจ,กิจกรรม 2-C: ตรวจสอบปีอธิกสุรทิน,3,5,0,100,100,ใช่,5,0,0,2026-06-09,2026-06-09
S12,หน่วยที่ 3: โครงสร้างการวนซ้ำ,กิจกรรม 3-A1: 1 ถึง N โดยใช้ for loop,2,5,100,100,100,ใช่,1,0,0,2026-05-22,2026-06-29
S12,หน่วยที่ 3: โครงสร้างการวนซ้ำ,กิจกรรม 3-A2: นับถอยหลัง,2,2,100,100,100,ใช่,1,0,0,2026-05-22,2026-06-29
S12,หน่วยที่ 3: โครงสร้างการวนซ้ำ,กิจกรรม 3-A3: โครงการออมทรัพย์เพิ่มวันละบาท,2,5,45,100,100,ใช่,4,0,0,2026-05-22,2026-06-29
S12,หน่วยที่ 3: โครงสร้างการวนซ้ำ,กิจกรรม 3-A4: รวมผลบวกตัวเลขบวก,2,1,100,100,100,ใช่,1,0,0,2026-07-06,2026-07-06
S12,หน่วยที่ 3: โครงสร้างการวนซ้ำ,กิจกรรม 3-A5: ร้านขนมลาในชุมชน,3,15,0,100,100,ใช่,15,0,0,2026-09-07,2026-09-21
S12,หน่วยที่ 3: โครงสร้างการวนซ้ำ,กิจกรรม 3-B1: สร้าง Pattern สามเหลี่ยมดาว,2,7,50,100,100,ใช่,7,0,0,2026-06-29,2026-06-29
S12,หน่วยที่ 3: โครงสร้างการวนซ้ำ,กิจกรรม 3-C: หาเลขจำนวนเฉพาะ 1 ถึง N,3,1,100,100,100,ใช่,1,0,0,2026-06-29,2026-06-29
S12,หน่วยที่ 4: ฟังก์ชันและ Array,กิจกรรม 4-A: ฟังก์ชันหา Max และ Min,3,1,100,100,100,ใช่,1,0,0,2026-07-06,2026-07-06
S12,หน่วยที่ 4: ฟังก์ชันและ Array,กิจกรรม 4-B: ค่าเฉลี่ย Array,3,1,100,100,100,ใช่,1,0,0,2026-07-06,2026-07-06
S12,หน่วยที่ 4: ฟังก์ชันและ Array,กิจกรรม 4-C: Debug โค้ด (3 Bug),3,1,100,100,100,ใช่,1,0,0,2026-07-06,2026-07-06
S12,หน่วยที่ 4: ฟังก์ชันและ Array,กิจกรรม 4-D ค้นหาจำนวนคู่ตัวเลขในอาร์เรย์ที่มีผลรวมเท่ากับค่าเป้าหมาย,4,1,100,100,100,ใช่,1,0,0,2026-08-21,2026-08-21
S12,หน่วยที่ 5,กิจกรรม 5-A: ระบบคำนวณเกรดเฉลี่ย,5,1,100,100,100,ใช่,1,0,0,2026-09-21,2026-09-21
S12,หน่วยที่ 5,กิจกรรม 5-B: คลังคะแนน,5,8,0,100,100,ใช่,8,0,0,2026-09-21,2026-09-21
S13,หน่วยที่ 1: โครงสร้างโปรแกรม C + I/O,กิจกรรม 1-A: Hello World และข้อมูลส่วนตัว,2,2,100,100,0,ใช่,1,0,0,2026-05-18,2026-05-19
S13,หน่วยที่ 1: โครงสร้างโปรแกรม C + I/O,กิจกรรม 1-B: เครื่องคิดเลข 2 ตัวเลข,3,6,75,100,0,ใช่,3,0,0,2026-05-18,2026-06-09
S13,หน่วยที่ 1: โครงสร้างโปรแกรม C + I/O,กิจกรรม 1-C: พื้นที่และเส้นรอบรูปสามเหลี่ยม,3,6,0,100,100,ใช่,6,0,0,2026-05-26,2026-06-22
S13,หน่วยที่ 1: โครงสร้างโปรแกรม C + I/O,กิจกรรม 1-D โปรแกรมคำนวณการแลกเหรียญ,3,2,80,100,100,ใช่,2,0,0,2026-06-09,2026-07-13
S13,หน่วยที่ 2: โครงสร้างการตัดสินใจ,กิจกรรม 2-A: จัดเกรด A-F,3,15,0,100,100,ใช่,14,1,1,2026-06-09,2026-06-29
S13,หน่วยที่ 2: โครงสร้างการตัดสินใจ,กิจกรรม 2-B: เมนูเครื่องคิดเลข (switch),4,8,0,100,100,ใช่,8,0,0,2026-06-09,2026-06-09
S13,หน่วยที่ 2: โครงสร้างการตัดสินใจ,กิจกรรม 2-C: ตรวจสอบปีอธิกสุรทิน,3,2,0,100,100,ใช่,2,0,0,2026-06-09,2026-06-09
S13,หน่วยที่ 3: โครงสร้างการวนซ้ำ,กิจกรรม 3-A1: 1 ถึง N โดยใช้ for loop,2,6,40,100,100,ใช่,5,3,0,2026-05-18,2026-09-07
S13,หน่วยที่ 3: โครงสร้างการวนซ้ำ,กิจกรรม 3-A2: นับถอยหลัง,2,2,100,100,100,ใช่,1,0,0,2026-05-22,2026-07-13
S13,หน่วยที่ 3: โครงสร้างการวนซ้ำ,กิจกรรม 3-A3: โครงการออมทรัพย์เพิ่มวันละบาท,2,11,45,100,100,ใช่,11,0,0,2026-05-22,2026-07-13
S13,หน่วยที่ 3: โครงสร้างการวนซ้ำ,กิจกรรม 3-A4: รวมผลบวกตัวเลขบวก,2,1,100,100,100,ใช่,1,0,0,2026-07-13,2026-07-13
S13,หน่วยที่ 3: โครงสร้างการวนซ้ำ,กิจกรรม 3-A5: ร้านขนมลาในชุมชน,3,1,80,80,80,ไม่,,0,0,2026-09-25,2026-09-25
S13,หน่วยที่ 3: โครงสร้างการวนซ้ำ,กิจกรรม 3-B1: สร้าง Pattern สามเหลี่ยมดาว,2,1,100,100,100,ใช่,1,0,0,2026-07-13,2026-07-13
S13,หน่วยที่ 3: โครงสร้างการวนซ้ำ,กิจกรรม 3-C: หาเลขจำนวนเฉพาะ 1 ถึง N,3,1,100,100,100,ใช่,1,0,0,2026-07-13,2026-07-13
S13,หน่วยที่ 4: ฟังก์ชันและ Array,กิจกรรม 4-A: ฟังก์ชันหา Max และ Min,3,1,100,100,100,ใช่,1,0,0,2026-08-17,2026-08-17
S13,หน่วยที่ 4: ฟังก์ชันและ Array,กิจกรรม 4-B: ค่าเฉลี่ย Array,3,1,100,100,100,ใช่,1,0,0,2026-08-11,2026-08-11
S13,หน่วยที่ 4: ฟังก์ชันและ Array,กิจกรรม 4-C: Debug โค้ด (3 Bug),3,1,100,100,100,ใช่,1,0,0,2026-08-25,2026-08-25
S13,หน่วยที่ 4: ฟังก์ชันและ Array,กิจกรรม 4-D ค้นหาจำนวนคู่ตัวเลขในอาร์เรย์ที่มีผลรวมเท่ากับค่าเป้าหมาย,4,1,100,100,100,ใช่,1,0,0,2026-08-25,2026-08-25
S13,หน่วยที่ 5,กิจกรรม 5-A: ระบบคำนวณเกรดเฉลี่ย,5,1,100,100,100,ใช่,1,0,0,2026-09-21,2026-09-21
S13,หน่วยที่ 5,กิจกรรม 5-B: คลังคะแนน,5,1,100,100,100,ใช่,1,0,0,2026-09-21,2026-09-21
S14,หน่วยที่ 1: โครงสร้างโปรแกรม C + I/O,กิจกรรม 1-A: Hello World และข้อมูลส่วนตัว,2,9,0,100,100,ใช่,2,0,0,2026-05-18,2026-05-26
S14,หน่วยที่ 1: โครงสร้างโปรแกรม C + I/O,กิจกรรม 1-B: เครื่องคิดเลข 2 ตัวเลข,3,6,100,100,100,ใช่,1,0,0,2026-05-26,2026-05-26
S14,หน่วยที่ 1: โครงสร้างโปรแกรม C + I/O,กิจกรรม 1-C: พื้นที่และเส้นรอบรูปสามเหลี่ยม,3,23,67,67,0,ไม่,,2,1,2026-05-26,2026-09-25
S14,หน่วยที่ 1: โครงสร้างโปรแกรม C + I/O,กิจกรรม 1-D โปรแกรมคำนวณการแลกเหรียญ,3,5,0,100,100,ใช่,4,0,0,2026-05-26,2026-05-26
S14,หน่วยที่ 2: โครงสร้างการตัดสินใจ,กิจกรรม 2-A: จัดเกรด A-F,3,4,100,100,0,ใช่,1,0,0,2026-05-26,2026-06-09
S14,หน่วยที่ 2: โครงสร้างการตัดสินใจ,กิจกรรม 2-B: เมนูเครื่องคิดเลข (switch),4,1,100,100,100,ใช่,1,0,0,2026-06-09,2026-06-09
S14,หน่วยที่ 2: โครงสร้างการตัดสินใจ,กิจกรรม 2-C: ตรวจสอบปีอธิกสุรทิน,3,1,100,100,100,ใช่,1,0,0,2026-06-09,2026-06-09
S14,หน่วยที่ 3: โครงสร้างการวนซ้ำ,กิจกรรม 3-A1: 1 ถึง N โดยใช้ for loop,2,7,100,100,0,ใช่,1,0,2,2026-05-21,2026-09-08
S14,หน่วยที่ 3: โครงสร้างการวนซ้ำ,กิจกรรม 3-A2: นับถอยหลัง,2,3,0,100,100,ใช่,3,0,0,2026-05-21,2026-05-21
S14,หน่วยที่ 3: โครงสร้างการวนซ้ำ,กิจกรรม 3-A3: โครงการออมทรัพย์เพิ่มวันละบาท,2,18,0,100,100,ใช่,18,0,0,2026-05-19,2026-05-25
S14,หน่วยที่ 3: โครงสร้างการวนซ้ำ,กิจกรรม 3-A4: รวมผลบวกตัวเลขบวก,2,3,100,100,100,ใช่,1,0,0,2026-07-06,2026-07-13
S14,หน่วยที่ 3: โครงสร้างการวนซ้ำ,กิจกรรม 3-A5: ร้านขนมลาในชุมชน,3,1,80,80,80,ไม่,,0,0,2026-09-15,2026-09-15
S14,หน่วยที่ 3: โครงสร้างการวนซ้ำ,กิจกรรม 3-B1: สร้าง Pattern สามเหลี่ยมดาว,2,1,100,100,100,ใช่,1,0,0,2026-07-13,2026-07-13
S14,หน่วยที่ 3: โครงสร้างการวนซ้ำ,กิจกรรม 3-C: หาเลขจำนวนเฉพาะ 1 ถึง N,3,1,100,100,100,ใช่,1,0,0,2026-07-13,2026-07-13
S14,หน่วยที่ 4: ฟังก์ชันและ Array,กิจกรรม 4-A: ฟังก์ชันหา Max และ Min,3,4,0,100,100,ใช่,4,0,0,2026-08-10,2026-08-10
S14,หน่วยที่ 4: ฟังก์ชันและ Array,กิจกรรม 4-B: ค่าเฉลี่ย Array,3,1,100,100,100,ใช่,1,0,0,2026-08-10,2026-08-10
S14,หน่วยที่ 4: ฟังก์ชันและ Array,กิจกรรม 4-C: Debug โค้ด (3 Bug),3,1,100,100,100,ใช่,1,0,0,2026-08-18,2026-08-18
S14,หน่วยที่ 4: ฟังก์ชันและ Array,กิจกรรม 4-D ค้นหาจำนวนคู่ตัวเลขในอาร์เรย์ที่มีผลรวมเท่ากับค่าเป้าหมาย,4,2,0,100,100,ใช่,2,0,0,2026-08-18,2026-08-18
S14,หน่วยที่ 5,กิจกรรม 5-A: ระบบคำนวณเกรดเฉลี่ย,5,5,0,100,100,ใช่,5,0,0,2026-09-21,2026-09-21
S14,หน่วยที่ 5,กิจกรรม 5-B: คลังคะแนน,5,4,0,100,100,ใช่,4,0,0,2026-09-21,2026-09-22
S15,หน่วยที่ 1: โครงสร้างโปรแกรม C + I/O,กิจกรรม 1-A: Hello World และข้อมูลส่วนตัว,2,3,100,100,100,ใช่,1,0,0,2026-05-18,2026-05-19
S15,หน่วยที่ 1: โครงสร้างโปรแกรม C + I/O,กิจกรรม 1-B: เครื่องคิดเลข 2 ตัวเลข,3,2,50,100,100,ใช่,2,0,0,2026-05-18,2026-05-30
S15,หน่วยที่ 1: โครงสร้างโปรแกรม C + I/O,กิจกรรม 1-C: พื้นที่และเส้นรอบรูปสามเหลี่ยม,3,2,100,100,100,ใช่,1,0,0,2026-05-30,2026-05-30
S15,หน่วยที่ 1: โครงสร้างโปรแกรม C + I/O,กิจกรรม 1-D โปรแกรมคำนวณการแลกเหรียญ,3,1,80,80,80,ไม่,,0,0,2026-06-08,2026-06-08
S15,หน่วยที่ 2: โครงสร้างการตัดสินใจ,กิจกรรม 2-A: จัดเกรด A-F,3,1,100,100,100,ใช่,1,0,0,2026-06-08,2026-06-08
S15,หน่วยที่ 2: โครงสร้างการตัดสินใจ,กิจกรรม 2-B: เมนูเครื่องคิดเลข (switch),4,15,0,100,100,ใช่,15,2,2,2026-06-09,2026-06-22
S15,หน่วยที่ 2: โครงสร้างการตัดสินใจ,กิจกรรม 2-C: ตรวจสอบปีอธิกสุรทิน,3,2,100,100,67,ใช่,1,0,0,2026-06-09,2026-06-09
S15,หน่วยที่ 3: โครงสร้างการวนซ้ำ,กิจกรรม 3-A1: 1 ถึง N โดยใช้ for loop,2,1,100,100,100,ใช่,1,0,0,2026-05-21,2026-05-21
S15,หน่วยที่ 3: โครงสร้างการวนซ้ำ,กิจกรรม 3-A2: นับถอยหลัง,2,1,100,100,100,ใช่,1,0,0,2026-05-21,2026-05-21
S15,หน่วยที่ 3: โครงสร้างการวนซ้ำ,กิจกรรม 3-A3: โครงการออมทรัพย์เพิ่มวันละบาท,2,3,45,86,86,ไม่,,0,0,2026-05-21,2026-05-21
S15,หน่วยที่ 3: โครงสร้างการวนซ้ำ,กิจกรรม 3-A4: รวมผลบวกตัวเลขบวก,2,3,0,100,100,ใช่,3,0,0,2026-07-06,2026-07-06
S15,หน่วยที่ 3: โครงสร้างการวนซ้ำ,กิจกรรม 3-B1: สร้าง Pattern สามเหลี่ยมดาว,2,1,100,100,100,ใช่,1,0,0,2026-07-13,2026-07-13
S15,หน่วยที่ 3: โครงสร้างการวนซ้ำ,กิจกรรม 3-C: หาเลขจำนวนเฉพาะ 1 ถึง N,3,1,100,100,100,ใช่,1,0,0,2026-07-13,2026-07-13
S15,หน่วยที่ 4: ฟังก์ชันและ Array,กิจกรรม 4-A: ฟังก์ชันหา Max และ Min,3,1,100,100,100,ใช่,1,0,0,2026-08-11,2026-08-11
S15,หน่วยที่ 4: ฟังก์ชันและ Array,กิจกรรม 4-B: ค่าเฉลี่ย Array,3,1,100,100,100,ใช่,1,0,0,2026-08-11,2026-08-11
S15,หน่วยที่ 4: ฟังก์ชันและ Array,กิจกรรม 4-C: Debug โค้ด (3 Bug),3,1,100,100,100,ใช่,1,0,0,2026-08-11,2026-08-11
S15,หน่วยที่ 4: ฟังก์ชันและ Array,กิจกรรม 4-D ค้นหาจำนวนคู่ตัวเลขในอาร์เรย์ที่มีผลรวมเท่ากับค่าเป้าหมาย,4,2,0,100,100,ใช่,2,0,0,2026-08-18,2026-08-18
S15,หน่วยที่ 5,กิจกรรม 5-A: ระบบคำนวณเกรดเฉลี่ย,5,2,0,100,100,ใช่,2,0,0,2026-09-21,2026-09-22
S15,หน่วยที่ 5,กิจกรรม 5-B: คลังคะแนน,5,1,100,100,100,ใช่,1,0,0,2026-09-22,2026-09-22
S16,หน่วยที่ 1: โครงสร้างโปรแกรม C + I/O,กิจกรรม 1-A: Hello World และข้อมูลส่วนตัว,2,6,0,100,100,ใช่,6,0,0,2026-05-18,2026-05-18
S16,หน่วยที่ 1: โครงสร้างโปรแกรม C + I/O,กิจกรรม 1-B: เครื่องคิดเลข 2 ตัวเลข,3,1,100,100,100,ใช่,1,0,0,2026-05-26,2026-05-26
S16,หน่วยที่ 1: โครงสร้างโปรแกรม C + I/O,กิจกรรม 1-C: พื้นที่และเส้นรอบรูปสามเหลี่ยม,3,20,0,100,100,ใช่,20,0,0,2026-05-26,2026-06-29
S16,หน่วยที่ 1: โครงสร้างโปรแกรม C + I/O,กิจกรรม 1-D โปรแกรมคำนวณการแลกเหรียญ,3,2,0,100,100,ใช่,2,0,0,2026-05-27,2026-05-27
S16,หน่วยที่ 2: โครงสร้างการตัดสินใจ,กิจกรรม 2-A: จัดเกรด A-F,3,3,0,100,100,ใช่,3,0,0,2026-05-18,2026-06-08
S16,หน่วยที่ 2: โครงสร้างการตัดสินใจ,กิจกรรม 2-B: เมนูเครื่องคิดเลข (switch),4,6,0,100,100,ใช่,6,0,0,2026-06-09,2026-06-22
S16,หน่วยที่ 2: โครงสร้างการตัดสินใจ,กิจกรรม 2-C: ตรวจสอบปีอธิกสุรทิน,3,14,0,100,100,ใช่,14,0,0,2026-06-09,2026-06-22
S16,หน่วยที่ 3: โครงสร้างการวนซ้ำ,กิจกรรม 3-A1: 1 ถึง N โดยใช้ for loop,2,8,100,100,100,ใช่,1,0,0,2026-05-25,2026-09-08
S16,หน่วยที่ 3: โครงสร้างการวนซ้ำ,กิจกรรม 3-A2: นับถอยหลัง,2,2,80,100,100,ใช่,2,0,0,2026-05-25,2026-05-25
S16,หน่วยที่ 3: โครงสร้างการวนซ้ำ,กิจกรรม 3-A3: โครงการออมทรัพย์เพิ่มวันละบาท,2,1,100,100,100,ใช่,1,0,0,2026-05-25,2026-05-25
S16,หน่วยที่ 3: โครงสร้างการวนซ้ำ,กิจกรรม 3-A4: รวมผลบวกตัวเลขบวก,2,4,30,100,100,ใช่,4,0,0,2026-07-06,2026-07-06
S16,หน่วยที่ 3: โครงสร้างการวนซ้ำ,กิจกรรม 3-A5: ร้านขนมลาในชุมชน,3,19,0,100,100,ใช่,19,0,4,2026-09-08,2026-09-21
S16,หน่วยที่ 3: โครงสร้างการวนซ้ำ,กิจกรรม 3-B1: สร้าง Pattern สามเหลี่ยมดาว,2,1,100,100,100,ใช่,1,0,0,2026-07-13,2026-07-13
S16,หน่วยที่ 3: โครงสร้างการวนซ้ำ,กิจกรรม 3-C: หาเลขจำนวนเฉพาะ 1 ถึง N,3,1,100,100,100,ใช่,1,0,0,2026-07-13,2026-07-13
S16,หน่วยที่ 4: ฟังก์ชันและ Array,กิจกรรม 4-A: ฟังก์ชันหา Max และ Min,3,2,0,100,100,ใช่,2,0,0,2026-08-10,2026-08-11
S16,หน่วยที่ 4: ฟังก์ชันและ Array,กิจกรรม 4-B: ค่าเฉลี่ย Array,3,1,100,100,100,ใช่,1,0,0,2026-08-11,2026-08-11
S16,หน่วยที่ 4: ฟังก์ชันและ Array,กิจกรรม 4-C: Debug โค้ด (3 Bug),3,1,100,100,100,ใช่,1,0,0,2026-08-25,2026-08-25
S16,หน่วยที่ 4: ฟังก์ชันและ Array,กิจกรรม 4-D ค้นหาจำนวนคู่ตัวเลขในอาร์เรย์ที่มีผลรวมเท่ากับค่าเป้าหมาย,4,1,100,100,100,ใช่,1,0,0,2026-08-18,2026-08-18
S16,หน่วยที่ 5,กิจกรรม 5-A: ระบบคำนวณเกรดเฉลี่ย,5,2,0,100,100,ใช่,2,0,0,2026-09-21,2026-09-21
S16,หน่วยที่ 5,กิจกรรม 5-B: คลังคะแนน,5,6,25,100,100,ใช่,6,0,0,2026-09-21,2026-09-22
S17,หน่วยที่ 1: โครงสร้างโปรแกรม C + I/O,กิจกรรม 1-A: Hello World และข้อมูลส่วนตัว,2,3,0,100,100,ใช่,3,0,0,2026-05-18,2026-05-18
S17,หน่วยที่ 1: โครงสร้างโปรแกรม C + I/O,กิจกรรม 1-B: เครื่องคิดเลข 2 ตัวเลข,3,4,0,100,100,ใช่,4,0,0,2026-05-18,2026-05-19
S17,หน่วยที่ 1: โครงสร้างโปรแกรม C + I/O,กิจกรรม 1-C: พื้นที่และเส้นรอบรูปสามเหลี่ยม,3,11,67,67,0,ไม่,,2,2,2026-05-26,2026-06-21
S17,หน่วยที่ 1: โครงสร้างโปรแกรม C + I/O,กิจกรรม 1-D โปรแกรมคำนวณการแลกเหรียญ,3,1,100,100,100,ใช่,1,0,0,2026-06-21,2026-06-21
S17,หน่วยที่ 2: โครงสร้างการตัดสินใจ,กิจกรรม 2-A: จัดเกรด A-F,3,8,0,100,100,ใช่,7,0,0,2026-05-12,2026-06-19
S17,หน่วยที่ 2: โครงสร้างการตัดสินใจ,กิจกรรม 2-B: เมนูเครื่องคิดเลข (switch),4,1,75,75,75,ไม่,,0,0,2026-06-09,2026-06-09
S17,หน่วยที่ 2: โครงสร้างการตัดสินใจ,กิจกรรม 2-C: ตรวจสอบปีอธิกสุรทิน,3,2,100,100,100,ใช่,1,0,0,2026-06-09,2026-06-21
S17,หน่วยที่ 3: โครงสร้างการวนซ้ำ,กิจกรรม 3-A1: 1 ถึง N โดยใช้ for loop,2,7,20,100,100,ใช่,3,0,0,2026-05-22,2026-09-08
S17,หน่วยที่ 3: โครงสร้างการวนซ้ำ,กิจกรรม 3-A2: นับถอยหลัง,2,3,40,100,0,ใช่,2,0,0,2026-05-22,2026-05-23
S17,หน่วยที่ 3: โครงสร้างการวนซ้ำ,กิจกรรม 3-A3: โครงการออมทรัพย์เพิ่มวันละบาท,2,2,45,100,100,ใช่,2,0,0,2026-05-22,2026-05-23
S17,หน่วยที่ 3: โครงสร้างการวนซ้ำ,กิจกรรม 3-A4: รวมผลบวกตัวเลขบวก,2,2,100,100,100,ใช่,1,0,0,2026-08-05,2026-09-07
S17,หน่วยที่ 3: โครงสร้างการวนซ้ำ,กิจกรรม 3-A5: ร้านขนมลาในชุมชน,3,4,0,80,80,ไม่,,0,0,2026-09-08,2026-09-23
S17,หน่วยที่ 3: โครงสร้างการวนซ้ำ,กิจกรรม 3-B1: สร้าง Pattern สามเหลี่ยมดาว,2,1,100,100,100,ใช่,1,0,0,2026-08-05,2026-08-05
S17,หน่วยที่ 3: โครงสร้างการวนซ้ำ,กิจกรรม 3-C: หาเลขจำนวนเฉพาะ 1 ถึง N,3,1,100,100,100,ใช่,1,0,0,2026-08-05,2026-08-05
S17,หน่วยที่ 4: ฟังก์ชันและ Array,กิจกรรม 4-A: ฟังก์ชันหา Max และ Min,3,1,100,100,100,ใช่,1,0,0,2026-08-08,2026-08-08
S17,หน่วยที่ 4: ฟังก์ชันและ Array,กิจกรรม 4-B: ค่าเฉลี่ย Array,3,2,0,100,100,ใช่,2,0,0,2026-09-21,2026-09-21
S17,หน่วยที่ 4: ฟังก์ชันและ Array,กิจกรรม 4-C: Debug โค้ด (3 Bug),3,2,100,100,100,ใช่,1,0,0,2026-08-08,2026-08-08
S17,หน่วยที่ 4: ฟังก์ชันและ Array,กิจกรรม 4-D ค้นหาจำนวนคู่ตัวเลขในอาร์เรย์ที่มีผลรวมเท่ากับค่าเป้าหมาย,4,1,100,100,100,ใช่,1,0,0,2026-09-23,2026-09-23
S17,หน่วยที่ 5,กิจกรรม 5-A: ระบบคำนวณเกรดเฉลี่ย,5,2,100,100,100,ใช่,1,0,0,2026-09-21,2026-09-22
S17,หน่วยที่ 5,กิจกรรม 5-B: คลังคะแนน,5,1,100,100,100,ใช่,1,0,0,2026-09-23,2026-09-23
S18,หน่วยที่ 1: โครงสร้างโปรแกรม C + I/O,กิจกรรม 1-A: Hello World และข้อมูลส่วนตัว,2,1,100,100,100,ใช่,1,0,0,2026-05-26,2026-05-26
S18,หน่วยที่ 1: โครงสร้างโปรแกรม C + I/O,กิจกรรม 1-B: เครื่องคิดเลข 2 ตัวเลข,3,2,75,100,100,ใช่,2,0,0,2026-05-26,2026-05-26
S18,หน่วยที่ 1: โครงสร้างโปรแกรม C + I/O,กิจกรรม 1-C: พื้นที่และเส้นรอบรูปสามเหลี่ยม,3,13,0,100,100,ใช่,13,1,3,2026-05-26,2026-06-22
S18,หน่วยที่ 1: โครงสร้างโปรแกรม C + I/O,กิจกรรม 1-D โปรแกรมคำนวณการแลกเหรียญ,3,3,100,100,100,ใช่,1,0,0,2026-05-27,2026-06-09
S18,หน่วยที่ 2: โครงสร้างการตัดสินใจ,กิจกรรม 2-A: จัดเกรด A-F,3,7,0,100,100,ใช่,7,0,0,2026-05-21,2026-06-09
S18,หน่วยที่ 2: โครงสร้างการตัดสินใจ,กิจกรรม 2-B: เมนูเครื่องคิดเลข (switch),4,16,0,100,100,ใช่,16,1,1,2026-06-09,2026-06-22
S18,หน่วยที่ 2: โครงสร้างการตัดสินใจ,กิจกรรม 2-C: ตรวจสอบปีอธิกสุรทิน,3,1,100,100,100,ใช่,1,0,0,2026-06-09,2026-06-09
S18,หน่วยที่ 3: โครงสร้างการวนซ้ำ,กิจกรรม 3-A1: 1 ถึง N โดยใช้ for loop,2,4,0,100,100,ใช่,4,0,0,2026-05-21,2026-05-21
S18,หน่วยที่ 3: โครงสร้างการวนซ้ำ,กิจกรรม 3-A2: นับถอยหลัง,2,1,100,100,100,ใช่,1,0,0,2026-05-21,2026-05-21
S18,หน่วยที่ 3: โครงสร้างการวนซ้ำ,กิจกรรม 3-A3: โครงการออมทรัพย์เพิ่มวันละบาท,2,6,86,100,100,ใช่,6,0,0,2026-05-21,2026-05-23
S18,หน่วยที่ 3: โครงสร้างการวนซ้ำ,กิจกรรม 3-A4: รวมผลบวกตัวเลขบวก,2,2,100,100,100,ใช่,1,0,0,2026-07-13,2026-09-22
S18,หน่วยที่ 3: โครงสร้างการวนซ้ำ,กิจกรรม 3-A5: ร้านขนมลาในชุมชน,3,3,0,80,80,ไม่,,0,0,2026-09-22,2026-09-22
S18,หน่วยที่ 3: โครงสร้างการวนซ้ำ,กิจกรรม 3-B1: สร้าง Pattern สามเหลี่ยมดาว,2,1,100,100,100,ใช่,1,0,0,2026-07-13,2026-07-13
S18,หน่วยที่ 3: โครงสร้างการวนซ้ำ,กิจกรรม 3-C: หาเลขจำนวนเฉพาะ 1 ถึง N,3,1,100,100,100,ใช่,1,0,0,2026-07-13,2026-07-13
S18,หน่วยที่ 4: ฟังก์ชันและ Array,กิจกรรม 4-A: ฟังก์ชันหา Max และ Min,3,1,100,100,100,ใช่,1,0,0,2026-08-06,2026-08-06
S18,หน่วยที่ 4: ฟังก์ชันและ Array,กิจกรรม 4-B: ค่าเฉลี่ย Array,3,1,100,100,100,ใช่,1,0,0,2026-08-06,2026-08-06
S18,หน่วยที่ 4: ฟังก์ชันและ Array,กิจกรรม 4-C: Debug โค้ด (3 Bug),3,1,100,100,100,ใช่,1,0,0,2026-08-06,2026-08-06
S18,หน่วยที่ 4: ฟังก์ชันและ Array,กิจกรรม 4-D ค้นหาจำนวนคู่ตัวเลขในอาร์เรย์ที่มีผลรวมเท่ากับค่าเป้าหมาย,4,1,100,100,100,ใช่,1,0,0,2026-08-25,2026-08-25
S18,หน่วยที่ 5,กิจกรรม 5-A: ระบบคำนวณเกรดเฉลี่ย,5,1,100,100,100,ใช่,1,0,0,2026-09-22,2026-09-22
S18,หน่วยที่ 5,กิจกรรม 5-B: คลังคะแนน,5,2,0,100,100,ใช่,2,0,0,2026-09-22,2026-09-22
S19,หน่วยที่ 1: โครงสร้างโปรแกรม C + I/O,กิจกรรม 1-A: Hello World และข้อมูลส่วนตัว,2,6,0,100,100,ใช่,4,0,0,2026-05-18,2026-05-19
S19,หน่วยที่ 1: โครงสร้างโปรแกรม C + I/O,กิจกรรม 1-B: เครื่องคิดเลข 2 ตัวเลข,3,4,0,100,100,ใช่,2,0,0,2026-05-18,2026-05-26
S19,หน่วยที่ 1: โครงสร้างโปรแกรม C + I/O,กิจกรรม 1-C: พื้นที่และเส้นรอบรูปสามเหลี่ยม,3,3,33,100,100,ใช่,3,0,0,2026-05-26,2026-05-26
S19,หน่วยที่ 1: โครงสร้างโปรแกรม C + I/O,กิจกรรม 1-D โปรแกรมคำนวณการแลกเหรียญ,3,4,40,100,100,ใช่,4,0,0,2026-06-09,2026-06-09
S19,หน่วยที่ 2: โครงสร้างการตัดสินใจ,กิจกรรม 2-A: จัดเกรด A-F,3,21,0,100,100,ใช่,16,1,0,2026-05-11,2026-09-07
S19,หน่วยที่ 2: โครงสร้างการตัดสินใจ,กิจกรรม 2-B: เมนูเครื่องคิดเลข (switch),4,2,100,100,0,ใช่,1,0,0,2026-06-09,2026-06-09
S19,หน่วยที่ 2: โครงสร้างการตัดสินใจ,กิจกรรม 2-C: ตรวจสอบปีอธิกสุรทิน,3,1,100,100,100,ใช่,1,0,0,2026-06-09,2026-06-09
S19,หน่วยที่ 3: โครงสร้างการวนซ้ำ,กิจกรรม 3-A1: 1 ถึง N โดยใช้ for loop,2,15,20,100,100,ใช่,3,0,0,2026-05-22,2026-09-08
S19,หน่วยที่ 3: โครงสร้างการวนซ้ำ,กิจกรรม 3-A2: นับถอยหลัง,2,37,20,100,100,ใช่,37,0,0,2026-05-23,2026-09-08
S19,หน่วยที่ 3: โครงสร้างการวนซ้ำ,กิจกรรม 3-A3: โครงการออมทรัพย์เพิ่มวันละบาท,2,12,45,45,0,ไม่,,0,0,2026-05-23,2026-09-08
S19,หน่วยที่ 3: โครงสร้างการวนซ้ำ,กิจกรรม 3-A4: รวมผลบวกตัวเลขบวก,2,1,100,100,100,ใช่,1,0,0,2026-07-13,2026-07-13
S19,หน่วยที่ 3: โครงสร้างการวนซ้ำ,กิจกรรม 3-A5: ร้านขนมลาในชุมชน,3,2,0,80,80,ไม่,,2,2,2026-09-07,2026-09-26
S19,หน่วยที่ 3: โครงสร้างการวนซ้ำ,กิจกรรม 3-B1: สร้าง Pattern สามเหลี่ยมดาว,2,1,100,100,100,ใช่,1,0,0,2026-07-13,2026-07-13
S19,หน่วยที่ 3: โครงสร้างการวนซ้ำ,กิจกรรม 3-C: หาเลขจำนวนเฉพาะ 1 ถึง N,3,1,100,100,100,ใช่,1,0,0,2026-07-13,2026-07-13
S19,หน่วยที่ 4: ฟังก์ชันและ Array,กิจกรรม 4-A: ฟังก์ชันหา Max และ Min,3,1,100,100,100,ใช่,1,0,0,2026-08-25,2026-08-25
S19,หน่วยที่ 4: ฟังก์ชันและ Array,กิจกรรม 4-B: ค่าเฉลี่ย Array,3,1,100,100,100,ใช่,1,0,0,2026-08-25,2026-08-25
S19,หน่วยที่ 4: ฟังก์ชันและ Array,กิจกรรม 4-C: Debug โค้ด (3 Bug),3,1,100,100,100,ใช่,1,0,0,2026-08-25,2026-08-25
S19,หน่วยที่ 4: ฟังก์ชันและ Array,กิจกรรม 4-D ค้นหาจำนวนคู่ตัวเลขในอาร์เรย์ที่มีผลรวมเท่ากับค่าเป้าหมาย,4,4,0,100,100,ใช่,4,0,0,2026-08-25,2026-08-25
S19,หน่วยที่ 5,กิจกรรม 5-A: ระบบคำนวณเกรดเฉลี่ย,5,5,100,100,75,ใช่,1,1,1,2026-09-22,2026-09-26
S19,หน่วยที่ 5,กิจกรรม 5-B: คลังคะแนน,5,3,0,100,100,ใช่,3,2,2,2026-09-26,2026-09-26
S20,หน่วยที่ 1: โครงสร้างโปรแกรม C + I/O,กิจกรรม 1-A: Hello World และข้อมูลส่วนตัว,2,2,0,100,100,ใช่,2,0,0,2026-05-18,2026-05-23
S20,หน่วยที่ 1: โครงสร้างโปรแกรม C + I/O,กิจกรรม 1-B: เครื่องคิดเลข 2 ตัวเลข,3,1,100,100,100,ใช่,1,0,0,2026-05-23,2026-05-23
S20,หน่วยที่ 1: โครงสร้างโปรแกรม C + I/O,กิจกรรม 1-C: พื้นที่และเส้นรอบรูปสามเหลี่ยม,3,6,0,100,100,ใช่,6,1,1,2026-05-23,2026-08-11
S20,หน่วยที่ 1: โครงสร้างโปรแกรม C + I/O,กิจกรรม 1-D โปรแกรมคำนวณการแลกเหรียญ,3,1,100,100,100,ใช่,1,0,0,2026-08-11,2026-08-11
S20,หน่วยที่ 2: โครงสร้างการตัดสินใจ,กิจกรรม 2-A: จัดเกรด A-F,3,8,0,100,100,ใช่,7,1,1,2026-05-11,2026-09-22
S20,หน่วยที่ 2: โครงสร้างการตัดสินใจ,กิจกรรม 2-B: เมนูเครื่องคิดเลข (switch),4,3,75,100,100,ใช่,3,0,0,2026-06-21,2026-06-21
S20,หน่วยที่ 2: โครงสร้างการตัดสินใจ,กิจกรรม 2-C: ตรวจสอบปีอธิกสุรทิน,3,3,0,100,100,ใช่,3,1,1,2026-06-21,2026-06-21
S20,หน่วยที่ 3: โครงสร้างการวนซ้ำ,กิจกรรม 3-A1: 1 ถึง N โดยใช้ for loop,2,4,100,100,100,ใช่,1,0,0,2026-05-23,2026-09-08
S20,หน่วยที่ 3: โครงสร้างการวนซ้ำ,กิจกรรม 3-A2: นับถอยหลัง,2,3,100,100,100,ใช่,1,0,0,2026-05-23,2026-09-21
S20,หน่วยที่ 3: โครงสร้างการวนซ้ำ,กิจกรรม 3-A3: โครงการออมทรัพย์เพิ่มวันละบาท,2,2,86,86,45,ไม่,,0,0,2026-05-23,2026-05-23
S20,หน่วยที่ 3: โครงสร้างการวนซ้ำ,กิจกรรม 3-A4: รวมผลบวกตัวเลขบวก,2,1,100,100,100,ใช่,1,0,0,2026-08-11,2026-08-11
S20,หน่วยที่ 3: โครงสร้างการวนซ้ำ,กิจกรรม 3-A5: ร้านขนมลาในชุมชน,3,5,80,80,80,ไม่,,0,1,2026-09-08,2026-09-21
S20,หน่วยที่ 3: โครงสร้างการวนซ้ำ,กิจกรรม 3-B1: สร้าง Pattern สามเหลี่ยมดาว,2,1,100,100,100,ใช่,1,0,0,2026-08-11,2026-08-11
S20,หน่วยที่ 3: โครงสร้างการวนซ้ำ,กิจกรรม 3-C: หาเลขจำนวนเฉพาะ 1 ถึง N,3,1,100,100,100,ใช่,1,0,0,2026-08-11,2026-08-11
S20,หน่วยที่ 4: ฟังก์ชันและ Array,กิจกรรม 4-A: ฟังก์ชันหา Max และ Min,3,1,100,100,100,ใช่,1,0,0,2026-09-20,2026-09-20
S20,หน่วยที่ 4: ฟังก์ชันและ Array,กิจกรรม 4-B: ค่าเฉลี่ย Array,3,2,100,100,0,ใช่,1,0,0,2026-08-11,2026-09-20
S20,หน่วยที่ 4: ฟังก์ชันและ Array,กิจกรรม 4-C: Debug โค้ด (3 Bug),3,1,100,100,100,ใช่,1,0,0,2026-09-20,2026-09-20
S20,หน่วยที่ 4: ฟังก์ชันและ Array,กิจกรรม 4-D ค้นหาจำนวนคู่ตัวเลขในอาร์เรย์ที่มีผลรวมเท่ากับค่าเป้าหมาย,4,1,100,100,100,ใช่,1,0,0,2026-09-21,2026-09-21
S20,หน่วยที่ 5,กิจกรรม 5-A: ระบบคำนวณเกรดเฉลี่ย,5,1,100,100,100,ใช่,1,0,0,2026-09-21,2026-09-21
S20,หน่วยที่ 5,กิจกรรม 5-B: คลังคะแนน,5,4,0,100,100,ใช่,4,0,0,2026-09-22,2026-09-22
S21,หน่วยที่ 1: โครงสร้างโปรแกรม C + I/O,กิจกรรม 1-A: Hello World และข้อมูลส่วนตัว,2,1,100,100,100,ใช่,1,0,0,2026-05-18,2026-05-18
S21,หน่วยที่ 1: โครงสร้างโปรแกรม C + I/O,กิจกรรม 1-B: เครื่องคิดเลข 2 ตัวเลข,3,12,75,100,100,ใช่,12,0,0,2026-05-18,2026-05-19
S21,หน่วยที่ 1: โครงสร้างโปรแกรม C + I/O,กิจกรรม 1-C: พื้นที่และเส้นรอบรูปสามเหลี่ยม,3,32,67,100,0,ใช่,29,5,5,2026-05-25,2026-06-09
S21,หน่วยที่ 1: โครงสร้างโปรแกรม C + I/O,กิจกรรม 1-D โปรแกรมคำนวณการแลกเหรียญ,3,13,0,100,100,ใช่,13,2,1,2026-05-26,2026-05-26
S21,หน่วยที่ 2: โครงสร้างการตัดสินใจ,กิจกรรม 2-A: จัดเกรด A-F,3,2,100,100,100,ใช่,1,0,0,2026-06-08,2026-09-21
S21,หน่วยที่ 2: โครงสร้างการตัดสินใจ,กิจกรรม 2-B: เมนูเครื่องคิดเลข (switch),4,18,0,100,100,ใช่,18,0,0,2026-06-09,2026-06-09
S21,หน่วยที่ 2: โครงสร้างการตัดสินใจ,กิจกรรม 2-C: ตรวจสอบปีอธิกสุรทิน,3,7,0,100,100,ใช่,7,0,0,2026-06-09,2026-06-09
S21,หน่วยที่ 3: โครงสร้างการวนซ้ำ,กิจกรรม 3-A1: 1 ถึง N โดยใช้ for loop,2,3,0,100,100,ใช่,3,0,0,2026-05-18,2026-05-19
S21,หน่วยที่ 3: โครงสร้างการวนซ้ำ,กิจกรรม 3-A2: นับถอยหลัง,2,4,20,100,100,ใช่,4,1,0,2026-05-19,2026-05-19
S21,หน่วยที่ 3: โครงสร้างการวนซ้ำ,กิจกรรม 3-A3: โครงการออมทรัพย์เพิ่มวันละบาท,2,10,14,100,100,ใช่,10,0,0,2026-05-19,2026-05-23
S21,หน่วยที่ 3: โครงสร้างการวนซ้ำ,กิจกรรม 3-A4: รวมผลบวกตัวเลขบวก,2,4,0,100,100,ใช่,4,2,2,2026-07-06,2026-07-06
S21,หน่วยที่ 3: โครงสร้างการวนซ้ำ,กิจกรรม 3-A5: ร้านขนมลาในชุมชน,3,11,0,80,80,ไม่,,0,3,2026-09-15,2026-09-15
S21,หน่วยที่ 3: โครงสร้างการวนซ้ำ,กิจกรรม 3-B1: สร้าง Pattern สามเหลี่ยมดาว,2,2,50,100,100,ใช่,2,0,2,2026-07-14,2026-07-14
S21,หน่วยที่ 3: โครงสร้างการวนซ้ำ,กิจกรรม 3-C: หาเลขจำนวนเฉพาะ 1 ถึง N,3,2,0,100,100,ใช่,2,0,0,2026-08-11,2026-08-11
S21,หน่วยที่ 4: ฟังก์ชันและ Array,กิจกรรม 4-A: ฟังก์ชันหา Max และ Min,3,5,0,100,100,ใช่,5,0,5,2026-08-11,2026-08-11
S21,หน่วยที่ 4: ฟังก์ชันและ Array,กิจกรรม 4-B: ค่าเฉลี่ย Array,3,12,0,100,100,ใช่,12,3,3,2026-08-10,2026-08-22
S21,หน่วยที่ 4: ฟังก์ชันและ Array,กิจกรรม 4-C: Debug โค้ด (3 Bug),3,2,0,100,100,ใช่,2,0,1,2026-08-25,2026-08-25
S21,หน่วยที่ 4: ฟังก์ชันและ Array,กิจกรรม 4-D ค้นหาจำนวนคู่ตัวเลขในอาร์เรย์ที่มีผลรวมเท่ากับค่าเป้าหมาย,4,6,0,100,100,ใช่,6,0,3,2026-08-18,2026-08-18
S21,หน่วยที่ 5,กิจกรรม 5-A: ระบบคำนวณเกรดเฉลี่ย,5,4,0,100,100,ใช่,4,0,1,2026-09-21,2026-09-21
S21,หน่วยที่ 5,กิจกรรม 5-B: คลังคะแนน,5,4,75,100,100,ใช่,4,0,0,2026-09-21,2026-09-22
S22,หน่วยที่ 1: โครงสร้างโปรแกรม C + I/O,กิจกรรม 1-A: Hello World และข้อมูลส่วนตัว,2,3,0,100,100,ใช่,3,0,0,2026-05-18,2026-05-18
S22,หน่วยที่ 1: โครงสร้างโปรแกรม C + I/O,กิจกรรม 1-B: เครื่องคิดเลข 2 ตัวเลข,3,8,0,100,100,ใช่,6,0,0,2026-05-18,2026-07-13
S22,หน่วยที่ 1: โครงสร้างโปรแกรม C + I/O,กิจกรรม 1-C: พื้นที่และเส้นรอบรูปสามเหลี่ยม,3,13,0,100,0,ใช่,12,0,0,2026-05-25,2026-07-13
S22,หน่วยที่ 1: โครงสร้างโปรแกรม C + I/O,กิจกรรม 1-D โปรแกรมคำนวณการแลกเหรียญ,3,4,0,100,100,ใช่,2,0,0,2026-05-26,2026-07-13
S22,หน่วยที่ 2: โครงสร้างการตัดสินใจ,กิจกรรม 2-A: จัดเกรด A-F,3,2,0,100,100,ใช่,2,0,0,2026-06-08,2026-06-08
S22,หน่วยที่ 2: โครงสร้างการตัดสินใจ,กิจกรรม 2-B: เมนูเครื่องคิดเลข (switch),4,1,100,100,100,ใช่,1,0,0,2026-06-09,2026-06-09
S22,หน่วยที่ 2: โครงสร้างการตัดสินใจ,กิจกรรม 2-C: ตรวจสอบปีอธิกสุรทิน,3,2,100,100,0,ใช่,1,0,0,2026-06-09,2026-06-09
S22,หน่วยที่ 3: โครงสร้างการวนซ้ำ,กิจกรรม 3-A1: 1 ถึง N โดยใช้ for loop,2,4,100,100,100,ใช่,1,0,0,2026-05-18,2026-09-08
S22,หน่วยที่ 3: โครงสร้างการวนซ้ำ,กิจกรรม 3-A2: นับถอยหลัง,2,2,100,100,100,ใช่,1,0,0,2026-05-19,2026-09-15
S22,หน่วยที่ 3: โครงสร้างการวนซ้ำ,กิจกรรม 3-A3: โครงการออมทรัพย์เพิ่มวันละบาท,2,8,45,100,100,ใช่,7,0,0,2026-05-21,2026-09-15
S22,หน่วยที่ 3: โครงสร้างการวนซ้ำ,กิจกรรม 3-A4: รวมผลบวกตัวเลขบวก,2,12,30,100,100,ใช่,9,0,0,2026-07-06,2026-09-15
S22,หน่วยที่ 3: โครงสร้างการวนซ้ำ,กิจกรรม 3-A5: ร้านขนมลาในชุมชน,3,8,80,80,80,ไม่,,0,0,2026-09-08,2026-09-21
S22,หน่วยที่ 3: โครงสร้างการวนซ้ำ,กิจกรรม 3-B1: สร้าง Pattern สามเหลี่ยมดาว,2,2,100,100,100,ใช่,1,0,0,2026-07-13,2026-09-15
S22,หน่วยที่ 3: โครงสร้างการวนซ้ำ,กิจกรรม 3-C: หาเลขจำนวนเฉพาะ 1 ถึง N,3,3,0,100,100,ใช่,3,0,0,2026-07-13,2026-09-15
S22,หน่วยที่ 4: ฟังก์ชันและ Array,กิจกรรม 4-A: ฟังก์ชันหา Max และ Min,3,1,100,100,100,ใช่,1,0,0,2026-07-13,2026-07-13
S22,หน่วยที่ 4: ฟังก์ชันและ Array,กิจกรรม 4-B: ค่าเฉลี่ย Array,3,1,100,100,100,ใช่,1,0,0,2026-07-13,2026-07-13
S22,หน่วยที่ 4: ฟังก์ชันและ Array,กิจกรรม 4-C: Debug โค้ด (3 Bug),3,1,100,100,100,ใช่,1,0,0,2026-07-13,2026-07-13
S22,หน่วยที่ 4: ฟังก์ชันและ Array,กิจกรรม 4-D ค้นหาจำนวนคู่ตัวเลขในอาร์เรย์ที่มีผลรวมเท่ากับค่าเป้าหมาย,4,3,0,100,100,ใช่,3,0,0,2026-08-18,2026-08-18
S22,หน่วยที่ 5,กิจกรรม 5-A: ระบบคำนวณเกรดเฉลี่ย,5,1,100,100,100,ใช่,1,0,0,2026-09-21,2026-09-21
S22,หน่วยที่ 5,กิจกรรม 5-B: คลังคะแนน,5,3,0,100,100,ใช่,3,0,0,2026-09-21,2026-09-22
S23,หน่วยที่ 1: โครงสร้างโปรแกรม C + I/O,กิจกรรม 1-A: Hello World และข้อมูลส่วนตัว,2,2,100,100,100,ใช่,1,0,0,2026-05-18,2026-08-22
S23,หน่วยที่ 1: โครงสร้างโปรแกรม C + I/O,กิจกรรม 1-B: เครื่องคิดเลข 2 ตัวเลข,3,11,25,100,100,ใช่,10,0,0,2026-05-18,2026-08-22
S23,หน่วยที่ 1: โครงสร้างโปรแกรม C + I/O,กิจกรรม 1-C: พื้นที่และเส้นรอบรูปสามเหลี่ยม,3,1,0,0,0,ไม่,,0,0,2026-09-24,2026-09-24
S23,หน่วยที่ 1: โครงสร้างโปรแกรม C + I/O,กิจกรรม 1-D โปรแกรมคำนวณการแลกเหรียญ,3,1,100,100,100,ใช่,1,0,0,2026-08-22,2026-08-22
S23,หน่วยที่ 2: โครงสร้างการตัดสินใจ,กิจกรรม 2-A: จัดเกรด A-F,3,7,67,100,100,ใช่,3,0,0,2026-06-08,2026-09-08
S23,หน่วยที่ 2: โครงสร้างการตัดสินใจ,กิจกรรม 2-B: เมนูเครื่องคิดเลข (switch),4,1,100,100,100,ใช่,1,0,0,2026-08-22,2026-08-22
S23,หน่วยที่ 2: โครงสร้างการตัดสินใจ,กิจกรรม 2-C: ตรวจสอบปีอธิกสุรทิน,3,1,100,100,100,ใช่,1,0,0,2026-09-24,2026-09-24
S23,หน่วยที่ 3: โครงสร้างการวนซ้ำ,กิจกรรม 3-A1: 1 ถึง N โดยใช้ for loop,2,9,40,100,100,ใช่,5,0,0,2026-05-24,2026-09-08
S23,หน่วยที่ 3: โครงสร้างการวนซ้ำ,กิจกรรม 3-A2: นับถอยหลัง,2,10,40,100,100,ใช่,8,0,0,2026-05-24,2026-09-08
S23,หน่วยที่ 3: โครงสร้างการวนซ้ำ,กิจกรรม 3-A3: โครงการออมทรัพย์เพิ่มวันละบาท,2,9,100,100,100,ใช่,1,0,0,2026-05-24,2026-09-08
S23,หน่วยที่ 3: โครงสร้างการวนซ้ำ,กิจกรรม 3-A4: รวมผลบวกตัวเลขบวก,2,5,100,100,100,ใช่,1,0,0,2026-07-13,2026-09-08
S23,หน่วยที่ 3: โครงสร้างการวนซ้ำ,กิจกรรม 3-A5: ร้านขนมลาในชุมชน,3,1,80,80,80,ไม่,,0,0,2026-09-24,2026-09-24
S23,หน่วยที่ 3: โครงสร้างการวนซ้ำ,กิจกรรม 3-B1: สร้าง Pattern สามเหลี่ยมดาว,2,2,100,100,100,ใช่,1,0,0,2026-08-22,2026-08-22
S23,หน่วยที่ 3: โครงสร้างการวนซ้ำ,กิจกรรม 3-C: หาเลขจำนวนเฉพาะ 1 ถึง N,3,2,100,100,100,ใช่,1,0,0,2026-08-22,2026-09-24
S23,หน่วยที่ 4: ฟังก์ชันและ Array,กิจกรรม 4-A: ฟังก์ชันหา Max และ Min,3,1,100,100,100,ใช่,1,0,0,2026-09-24,2026-09-24
S23,หน่วยที่ 4: ฟังก์ชันและ Array,กิจกรรม 4-B: ค่าเฉลี่ย Array,3,1,100,100,100,ใช่,1,0,0,2026-09-24,2026-09-24
S23,หน่วยที่ 4: ฟังก์ชันและ Array,กิจกรรม 4-C: Debug โค้ด (3 Bug),3,1,100,100,100,ใช่,1,0,0,2026-09-24,2026-09-24
S23,หน่วยที่ 4: ฟังก์ชันและ Array,กิจกรรม 4-D ค้นหาจำนวนคู่ตัวเลขในอาร์เรย์ที่มีผลรวมเท่ากับค่าเป้าหมาย,4,1,100,100,100,ใช่,1,0,0,2026-09-24,2026-09-24
S23,หน่วยที่ 5,กิจกรรม 5-B: คลังคะแนน,5,1,100,100,100,ใช่,1,0,0,2026-09-26,2026-09-26
S24,หน่วยที่ 1: โครงสร้างโปรแกรม C + I/O,กิจกรรม 1-A: Hello World และข้อมูลส่วนตัว,2,1,100,100,100,ใช่,1,0,0,2026-05-18,2026-05-18
S24,หน่วยที่ 1: โครงสร้างโปรแกรม C + I/O,กิจกรรม 1-B: เครื่องคิดเลข 2 ตัวเลข,3,2,50,100,100,ใช่,2,0,0,2026-05-18,2026-05-26
S24,หน่วยที่ 1: โครงสร้างโปรแกรม C + I/O,กิจกรรม 1-C: พื้นที่และเส้นรอบรูปสามเหลี่ยม,3,4,67,100,100,ใช่,4,0,0,2026-05-25,2026-05-26
S24,หน่วยที่ 1: โครงสร้างโปรแกรม C + I/O,กิจกรรม 1-D โปรแกรมคำนวณการแลกเหรียญ,3,3,80,100,100,ใช่,3,0,0,2026-05-26,2026-05-26
S24,หน่วยที่ 2: โครงสร้างการตัดสินใจ,กิจกรรม 2-A: จัดเกรด A-F,3,3,0,100,100,ใช่,2,0,0,2026-05-11,2026-06-08
S24,หน่วยที่ 2: โครงสร้างการตัดสินใจ,กิจกรรม 2-B: เมนูเครื่องคิดเลข (switch),4,5,25,100,100,ใช่,5,0,0,2026-06-09,2026-06-09
S24,หน่วยที่ 2: โครงสร้างการตัดสินใจ,กิจกรรม 2-C: ตรวจสอบปีอธิกสุรทิน,3,1,100,100,100,ใช่,1,0,0,2026-06-09,2026-06-09
S24,หน่วยที่ 3: โครงสร้างการวนซ้ำ,กิจกรรม 3-A1: 1 ถึง N โดยใช้ for loop,2,2,80,100,100,ใช่,2,0,0,2026-05-18,2026-05-18
S24,หน่วยที่ 3: โครงสร้างการวนซ้ำ,กิจกรรม 3-A2: นับถอยหลัง,2,1,100,100,100,ใช่,1,0,0,2026-05-18,2026-05-18
S24,หน่วยที่ 3: โครงสร้างการวนซ้ำ,กิจกรรม 3-A3: โครงการออมทรัพย์เพิ่มวันละบาท,2,15,45,100,100,ใช่,15,0,0,2026-05-18,2026-05-23
S24,หน่วยที่ 3: โครงสร้างการวนซ้ำ,กิจกรรม 3-A4: รวมผลบวกตัวเลขบวก,2,1,100,100,100,ใช่,1,0,0,2026-07-13,2026-07-13
S24,หน่วยที่ 3: โครงสร้างการวนซ้ำ,กิจกรรม 3-A5: ร้านขนมลาในชุมชน,3,1,80,80,80,ไม่,,0,0,2026-09-22,2026-09-22
S24,หน่วยที่ 3: โครงสร้างการวนซ้ำ,กิจกรรม 3-B1: สร้าง Pattern สามเหลี่ยมดาว,2,1,100,100,100,ใช่,1,0,0,2026-07-14,2026-07-14
S24,หน่วยที่ 3: โครงสร้างการวนซ้ำ,กิจกรรม 3-C: หาเลขจำนวนเฉพาะ 1 ถึง N,3,1,0,0,0,ไม่,,0,0,2026-09-22,2026-09-22
S24,หน่วยที่ 4: ฟังก์ชันและ Array,กิจกรรม 4-A: ฟังก์ชันหา Max และ Min,3,1,100,100,100,ใช่,1,0,0,2026-07-14,2026-07-14
S24,หน่วยที่ 4: ฟังก์ชันและ Array,กิจกรรม 4-B: ค่าเฉลี่ย Array,3,1,100,100,100,ใช่,1,0,0,2026-07-14,2026-07-14
S24,หน่วยที่ 4: ฟังก์ชันและ Array,กิจกรรม 4-C: Debug โค้ด (3 Bug),3,1,100,100,100,ใช่,1,0,0,2026-07-14,2026-07-14
S24,หน่วยที่ 4: ฟังก์ชันและ Array,กิจกรรม 4-D ค้นหาจำนวนคู่ตัวเลขในอาร์เรย์ที่มีผลรวมเท่ากับค่าเป้าหมาย,4,8,0,100,100,ใช่,8,0,0,2026-08-18,2026-09-22
S24,หน่วยที่ 5,กิจกรรม 5-A: ระบบคำนวณเกรดเฉลี่ย,5,1,100,100,100,ใช่,1,0,0,2026-09-22,2026-09-22
S25,หน่วยที่ 1: โครงสร้างโปรแกรม C + I/O,กิจกรรม 1-A: Hello World และข้อมูลส่วนตัว,2,11,0,100,0,ใช่,5,0,0,2026-05-18,2026-05-19
S25,หน่วยที่ 1: โครงสร้างโปรแกรม C + I/O,กิจกรรม 1-B: เครื่องคิดเลข 2 ตัวเลข,3,9,0,100,100,ใช่,9,3,0,2026-05-18,2026-05-26
S25,หน่วยที่ 1: โครงสร้างโปรแกรม C + I/O,กิจกรรม 1-C: พื้นที่และเส้นรอบรูปสามเหลี่ยม,3,5,0,100,100,ใช่,4,5,0,2026-05-25,2026-05-26
S25,หน่วยที่ 1: โครงสร้างโปรแกรม C + I/O,กิจกรรม 1-D โปรแกรมคำนวณการแลกเหรียญ,3,3,80,100,100,ใช่,3,0,0,2026-05-26,2026-05-26
S25,หน่วยที่ 2: โครงสร้างการตัดสินใจ,กิจกรรม 2-A: จัดเกรด A-F,3,4,0,100,100,ใช่,4,0,0,2026-05-18,2026-06-08
S25,หน่วยที่ 2: โครงสร้างการตัดสินใจ,กิจกรรม 2-B: เมนูเครื่องคิดเลข (switch),4,22,0,100,100,ใช่,22,4,4,2026-05-26,2026-06-09
S25,หน่วยที่ 2: โครงสร้างการตัดสินใจ,กิจกรรม 2-C: ตรวจสอบปีอธิกสุรทิน,3,6,0,100,100,ใช่,6,0,0,2026-06-09,2026-06-09
S25,หน่วยที่ 3: โครงสร้างการวนซ้ำ,กิจกรรม 3-A1: 1 ถึง N โดยใช้ for loop,2,21,100,100,100,ใช่,1,0,0,2026-05-18,2026-09-07
S25,หน่วยที่ 3: โครงสร้างการวนซ้ำ,กิจกรรม 3-A2: นับถอยหลัง,2,8,40,100,0,ใช่,2,0,0,2026-05-18,2026-09-08
S25,หน่วยที่ 3: โครงสร้างการวนซ้ำ,กิจกรรม 3-A3: โครงการออมทรัพย์เพิ่มวันละบาท,2,10,0,100,0,ใช่,8,0,0,2026-05-19,2026-09-08
S25,หน่วยที่ 3: โครงสร้างการวนซ้ำ,กิจกรรม 3-A4: รวมผลบวกตัวเลขบวก,2,1,100,100,100,ใช่,1,0,0,2026-07-06,2026-07-06
S25,หน่วยที่ 3: โครงสร้างการวนซ้ำ,กิจกรรม 3-A5: ร้านขนมลาในชุมชน,3,9,80,80,80,ไม่,,0,4,2026-09-21,2026-09-21
S25,หน่วยที่ 3: โครงสร้างการวนซ้ำ,กิจกรรม 3-B1: สร้าง Pattern สามเหลี่ยมดาว,2,1,100,100,100,ใช่,1,0,0,2026-09-21,2026-09-21
S25,หน่วยที่ 3: โครงสร้างการวนซ้ำ,กิจกรรม 3-C: หาเลขจำนวนเฉพาะ 1 ถึง N,3,1,100,100,100,ใช่,1,0,0,2026-09-21,2026-09-21
S25,หน่วยที่ 4: ฟังก์ชันและ Array,กิจกรรม 4-A: ฟังก์ชันหา Max และ Min,3,1,100,100,100,ใช่,1,0,0,2026-09-21,2026-09-21
S25,หน่วยที่ 4: ฟังก์ชันและ Array,กิจกรรม 4-B: ค่าเฉลี่ย Array,3,9,0,100,100,ใช่,9,0,4,2026-09-21,2026-09-21
S25,หน่วยที่ 4: ฟังก์ชันและ Array,กิจกรรม 4-C: Debug โค้ด (3 Bug),3,1,100,100,100,ใช่,1,0,0,2026-09-21,2026-09-21
S25,หน่วยที่ 4: ฟังก์ชันและ Array,กิจกรรม 4-D ค้นหาจำนวนคู่ตัวเลขในอาร์เรย์ที่มีผลรวมเท่ากับค่าเป้าหมาย,4,9,0,100,100,ใช่,8,0,0,2026-09-21,2026-09-21
S25,หน่วยที่ 5,กิจกรรม 5-A: ระบบคำนวณเกรดเฉลี่ย,5,1,100,100,100,ใช่,1,0,0,2026-09-21,2026-09-21
S25,หน่วยที่ 5,กิจกรรม 5-B: คลังคะแนน,5,2,0,100,100,ใช่,2,0,0,2026-09-21,2026-09-21
S26,หน่วยที่ 1: โครงสร้างโปรแกรม C + I/O,กิจกรรม 1-A: Hello World และข้อมูลส่วนตัว,2,6,0,100,100,ใช่,3,0,0,2026-05-26,2026-06-09
S26,หน่วยที่ 1: โครงสร้างโปรแกรม C + I/O,กิจกรรม 1-B: เครื่องคิดเลข 2 ตัวเลข,3,5,0,100,75,ใช่,2,0,0,2026-05-18,2026-06-09
S26,หน่วยที่ 1: โครงสร้างโปรแกรม C + I/O,กิจกรรม 1-C: พื้นที่และเส้นรอบรูปสามเหลี่ยม,3,8,0,100,100,ใช่,4,0,0,2026-05-26,2026-06-09
S26,หน่วยที่ 1: โครงสร้างโปรแกรม C + I/O,กิจกรรม 1-D โปรแกรมคำนวณการแลกเหรียญ,3,5,0,100,100,ใช่,5,0,0,2026-06-09,2026-06-09
S26,หน่วยที่ 2: โครงสร้างการตัดสินใจ,กิจกรรม 2-A: จัดเกรด A-F,3,6,0,100,67,ใช่,3,0,0,2026-05-12,2026-06-09
S26,หน่วยที่ 2: โครงสร้างการตัดสินใจ,กิจกรรม 2-B: เมนูเครื่องคิดเลข (switch),4,31,25,100,100,ใช่,31,0,0,2026-06-09,2026-06-09
S26,หน่วยที่ 2: โครงสร้างการตัดสินใจ,กิจกรรม 2-C: ตรวจสอบปีอธิกสุรทิน,3,1,100,100,100,ใช่,1,0,0,2026-06-09,2026-06-09
S26,หน่วยที่ 3: โครงสร้างการวนซ้ำ,กิจกรรม 3-A1: 1 ถึง N โดยใช้ for loop,2,6,100,100,80,ใช่,1,0,0,2026-05-19,2026-06-09
S26,หน่วยที่ 3: โครงสร้างการวนซ้ำ,กิจกรรม 3-A2: นับถอยหลัง,2,3,100,100,100,ใช่,1,0,0,2026-05-22,2026-06-09
S26,หน่วยที่ 3: โครงสร้างการวนซ้ำ,กิจกรรม 3-A3: โครงการออมทรัพย์เพิ่มวันละบาท,2,13,45,100,100,ใช่,9,0,0,2026-05-22,2026-06-09
S26,หน่วยที่ 3: โครงสร้างการวนซ้ำ,กิจกรรม 3-A4: รวมผลบวกตัวเลขบวก,2,1,100,100,100,ใช่,1,0,0,2026-07-13,2026-07-13
S26,หน่วยที่ 3: โครงสร้างการวนซ้ำ,กิจกรรม 3-A5: ร้านขนมลาในชุมชน,3,2,80,80,80,ไม่,,0,0,2026-09-25,2026-09-25
S26,หน่วยที่ 3: โครงสร้างการวนซ้ำ,กิจกรรม 3-B1: สร้าง Pattern สามเหลี่ยมดาว,2,1,100,100,100,ใช่,1,0,0,2026-07-13,2026-07-13
S26,หน่วยที่ 3: โครงสร้างการวนซ้ำ,กิจกรรม 3-C: หาเลขจำนวนเฉพาะ 1 ถึง N,3,1,100,100,100,ใช่,1,0,0,2026-07-13,2026-07-13
S26,หน่วยที่ 4: ฟังก์ชันและ Array,กิจกรรม 4-A: ฟังก์ชันหา Max และ Min,3,1,100,100,100,ใช่,1,0,0,2026-08-25,2026-08-25
S26,หน่วยที่ 4: ฟังก์ชันและ Array,กิจกรรม 4-B: ค่าเฉลี่ย Array,3,1,100,100,100,ใช่,1,0,0,2026-08-25,2026-08-25
S26,หน่วยที่ 4: ฟังก์ชันและ Array,กิจกรรม 4-C: Debug โค้ด (3 Bug),3,1,100,100,100,ใช่,1,0,0,2026-08-25,2026-08-25
S26,หน่วยที่ 4: ฟังก์ชันและ Array,กิจกรรม 4-D ค้นหาจำนวนคู่ตัวเลขในอาร์เรย์ที่มีผลรวมเท่ากับค่าเป้าหมาย,4,1,100,100,100,ใช่,1,0,0,2026-08-25,2026-08-25
S26,หน่วยที่ 5,กิจกรรม 5-A: ระบบคำนวณเกรดเฉลี่ย,5,2,100,100,100,ใช่,1,0,0,2026-09-22,2026-09-22
S26,หน่วยที่ 5,กิจกรรม 5-B: คลังคะแนน,5,6,0,100,100,ใช่,6,0,0,2026-09-22,2026-09-25
S27,หน่วยที่ 1: โครงสร้างโปรแกรม C + I/O,กิจกรรม 1-A: Hello World และข้อมูลส่วนตัว,2,14,100,100,100,ใช่,1,0,0,2026-05-19,2026-05-22
S27,หน่วยที่ 1: โครงสร้างโปรแกรม C + I/O,กิจกรรม 1-B: เครื่องคิดเลข 2 ตัวเลข,3,5,0,100,0,ใช่,3,0,0,2026-05-26,2026-06-09
S27,หน่วยที่ 1: โครงสร้างโปรแกรม C + I/O,กิจกรรม 1-C: พื้นที่และเส้นรอบรูปสามเหลี่ยม,3,5,0,100,0,ใช่,4,0,0,2026-05-26,2026-06-09
S27,หน่วยที่ 1: โครงสร้างโปรแกรม C + I/O,กิจกรรม 1-D โปรแกรมคำนวณการแลกเหรียญ,3,6,60,100,100,ใช่,6,0,0,2026-06-09,2026-06-09
S27,หน่วยที่ 2: โครงสร้างการตัดสินใจ,กิจกรรม 2-A: จัดเกรด A-F,3,3,100,100,100,ใช่,1,0,0,2026-06-08,2026-06-08
S27,หน่วยที่ 2: โครงสร้างการตัดสินใจ,กิจกรรม 2-B: เมนูเครื่องคิดเลข (switch),4,6,0,100,100,ใช่,6,0,0,2026-06-09,2026-06-09
S27,หน่วยที่ 2: โครงสร้างการตัดสินใจ,กิจกรรม 2-C: ตรวจสอบปีอธิกสุรทิน,3,2,100,100,100,ใช่,1,0,0,2026-06-09,2026-06-22
S27,หน่วยที่ 3: โครงสร้างการวนซ้ำ,กิจกรรม 3-A1: 1 ถึง N โดยใช้ for loop,2,9,20,100,100,ใช่,3,0,0,2026-05-19,2026-09-08
S27,หน่วยที่ 3: โครงสร้างการวนซ้ำ,กิจกรรม 3-A2: นับถอยหลัง,2,3,100,100,100,ใช่,1,0,0,2026-05-22,2026-09-08
S27,หน่วยที่ 3: โครงสร้างการวนซ้ำ,กิจกรรม 3-A3: โครงการออมทรัพย์เพิ่มวันละบาท,2,11,0,100,0,ใช่,9,0,0,2026-05-22,2026-09-08
S27,หน่วยที่ 3: โครงสร้างการวนซ้ำ,กิจกรรม 3-A4: รวมผลบวกตัวเลขบวก,2,2,100,100,100,ใช่,1,0,0,2026-07-13,2026-09-08
S27,หน่วยที่ 3: โครงสร้างการวนซ้ำ,กิจกรรม 3-A5: ร้านขนมลาในชุมชน,3,2,0,80,80,ไม่,,4,4,2026-09-08,2026-09-26
S27,หน่วยที่ 3: โครงสร้างการวนซ้ำ,กิจกรรม 3-B1: สร้าง Pattern สามเหลี่ยมดาว,2,3,25,100,100,ใช่,2,0,0,2026-07-13,2026-09-08
S27,หน่วยที่ 3: โครงสร้างการวนซ้ำ,กิจกรรม 3-C: หาเลขจำนวนเฉพาะ 1 ถึง N,3,2,100,100,100,ใช่,1,0,0,2026-07-13,2026-09-08
S27,หน่วยที่ 4: ฟังก์ชันและ Array,กิจกรรม 4-A: ฟังก์ชันหา Max และ Min,3,1,100,100,100,ใช่,1,0,0,2026-08-25,2026-08-25
S27,หน่วยที่ 4: ฟังก์ชันและ Array,กิจกรรม 4-B: ค่าเฉลี่ย Array,3,1,100,100,100,ใช่,1,0,0,2026-08-25,2026-08-25
S27,หน่วยที่ 4: ฟังก์ชันและ Array,กิจกรรม 4-C: Debug โค้ด (3 Bug),3,1,100,100,100,ใช่,1,0,0,2026-08-25,2026-08-25
S27,หน่วยที่ 4: ฟังก์ชันและ Array,กิจกรรม 4-D ค้นหาจำนวนคู่ตัวเลขในอาร์เรย์ที่มีผลรวมเท่ากับค่าเป้าหมาย,4,1,100,100,100,ใช่,1,0,0,2026-08-25,2026-08-25
S27,หน่วยที่ 5,กิจกรรม 5-A: ระบบคำนวณเกรดเฉลี่ย,5,3,75,75,75,ไม่,,4,4,2026-09-26,2026-09-26
S28,หน่วยที่ 1: โครงสร้างโปรแกรม C + I/O,กิจกรรม 1-A: Hello World และข้อมูลส่วนตัว,2,16,0,100,100,ใช่,3,0,0,2026-05-18,2026-05-25
S28,หน่วยที่ 1: โครงสร้างโปรแกรม C + I/O,กิจกรรม 1-B: เครื่องคิดเลข 2 ตัวเลข,3,21,0,100,100,ใช่,21,0,0,2026-06-09,2026-07-13
S28,หน่วยที่ 1: โครงสร้างโปรแกรม C + I/O,กิจกรรม 1-C: พื้นที่และเส้นรอบรูปสามเหลี่ยม,3,26,0,100,100,ใช่,26,0,0,2026-06-09,2026-07-13
S28,หน่วยที่ 1: โครงสร้างโปรแกรม C + I/O,กิจกรรม 1-D โปรแกรมคำนวณการแลกเหรียญ,3,15,0,100,100,ใช่,15,0,0,2026-06-09,2026-07-13
S28,หน่วยที่ 2: โครงสร้างการตัดสินใจ,กิจกรรม 2-A: จัดเกรด A-F,3,7,0,100,100,ใช่,2,0,0,2026-05-25,2026-07-13
S28,หน่วยที่ 2: โครงสร้างการตัดสินใจ,กิจกรรม 2-B: เมนูเครื่องคิดเลข (switch),4,9,0,100,100,ใช่,8,0,0,2026-06-09,2026-07-06
S28,หน่วยที่ 2: โครงสร้างการตัดสินใจ,กิจกรรม 2-C: ตรวจสอบปีอธิกสุรทิน,3,11,0,100,0,ใช่,8,0,0,2026-06-09,2026-07-06
S28,หน่วยที่ 3: โครงสร้างการวนซ้ำ,กิจกรรม 3-A1: 1 ถึง N โดยใช้ for loop,2,11,100,100,100,ใช่,1,0,0,2026-05-23,2026-09-08
S28,หน่วยที่ 3: โครงสร้างการวนซ้ำ,กิจกรรม 3-A2: นับถอยหลัง,2,7,100,100,100,ใช่,1,0,0,2026-05-23,2026-09-08
S28,หน่วยที่ 3: โครงสร้างการวนซ้ำ,กิจกรรม 3-A3: โครงการออมทรัพย์เพิ่มวันละบาท,2,3,0,100,100,ใช่,2,0,0,2026-05-23,2026-09-08
S28,หน่วยที่ 3: โครงสร้างการวนซ้ำ,กิจกรรม 3-A4: รวมผลบวกตัวเลขบวก,2,6,0,100,100,ใช่,5,0,0,2026-07-06,2026-09-08
S28,หน่วยที่ 3: โครงสร้างการวนซ้ำ,กิจกรรม 3-A5: ร้านขนมลาในชุมชน,3,3,80,80,80,ไม่,,0,0,2026-09-08,2026-09-08
S28,หน่วยที่ 3: โครงสร้างการวนซ้ำ,กิจกรรม 3-B1: สร้าง Pattern สามเหลี่ยมดาว,2,1,100,100,100,ใช่,1,0,0,2026-07-13,2026-07-13
S28,หน่วยที่ 3: โครงสร้างการวนซ้ำ,กิจกรรม 3-C: หาเลขจำนวนเฉพาะ 1 ถึง N,3,1,100,100,100,ใช่,1,0,0,2026-07-13,2026-07-13
S28,หน่วยที่ 4: ฟังก์ชันและ Array,กิจกรรม 4-A: ฟังก์ชันหา Max และ Min,3,3,100,100,100,ใช่,1,0,0,2026-07-13,2026-08-24
S28,หน่วยที่ 4: ฟังก์ชันและ Array,กิจกรรม 4-B: ค่าเฉลี่ย Array,3,4,0,100,100,ใช่,4,0,0,2026-07-13,2026-08-24
S28,หน่วยที่ 4: ฟังก์ชันและ Array,กิจกรรม 4-C: Debug โค้ด (3 Bug),3,1,100,100,100,ใช่,1,0,0,2026-08-24,2026-08-24
S28,หน่วยที่ 4: ฟังก์ชันและ Array,กิจกรรม 4-D ค้นหาจำนวนคู่ตัวเลขในอาร์เรย์ที่มีผลรวมเท่ากับค่าเป้าหมาย,4,1,100,100,100,ใช่,1,0,0,2026-08-24,2026-08-24
S28,หน่วยที่ 5,กิจกรรม 5-B: คลังคะแนน,5,1,100,100,100,ใช่,1,0,0,2026-09-26,2026-09-26
S29,หน่วยที่ 1: โครงสร้างโปรแกรม C + I/O,กิจกรรม 1-A: Hello World และข้อมูลส่วนตัว,2,13,100,100,100,ใช่,1,0,0,2026-05-18,2026-05-19
S29,หน่วยที่ 1: โครงสร้างโปรแกรม C + I/O,กิจกรรม 1-B: เครื่องคิดเลข 2 ตัวเลข,3,10,100,100,75,ใช่,1,0,0,2026-05-18,2026-05-18
S29,หน่วยที่ 1: โครงสร้างโปรแกรม C + I/O,กิจกรรม 1-C: พื้นที่และเส้นรอบรูปสามเหลี่ยม,3,4,0,100,100,ใช่,4,0,0,2026-05-26,2026-05-26
S29,หน่วยที่ 1: โครงสร้างโปรแกรม C + I/O,กิจกรรม 1-D โปรแกรมคำนวณการแลกเหรียญ,3,3,40,100,100,ใช่,3,1,0,2026-05-26,2026-05-26
S29,หน่วยที่ 2: โครงสร้างการตัดสินใจ,กิจกรรม 2-A: จัดเกรด A-F,3,2,0,100,100,ใช่,2,0,0,2026-05-12,2026-06-08
S29,หน่วยที่ 2: โครงสร้างการตัดสินใจ,กิจกรรม 2-B: เมนูเครื่องคิดเลข (switch),4,11,75,100,100,ใช่,11,4,4,2026-06-09,2026-06-09
S29,หน่วยที่ 2: โครงสร้างการตัดสินใจ,กิจกรรม 2-C: ตรวจสอบปีอธิกสุรทิน,3,12,0,100,100,ใช่,12,0,0,2026-06-09,2026-06-09
S29,หน่วยที่ 3: โครงสร้างการวนซ้ำ,กิจกรรม 3-A1: 1 ถึง N โดยใช้ for loop,2,20,100,100,100,ใช่,1,0,0,2026-05-19,2026-09-08
S29,หน่วยที่ 3: โครงสร้างการวนซ้ำ,กิจกรรม 3-A2: นับถอยหลัง,2,10,0,100,100,ใช่,2,0,0,2026-05-19,2026-09-08
S29,หน่วยที่ 3: โครงสร้างการวนซ้ำ,กิจกรรม 3-A3: โครงการออมทรัพย์เพิ่มวันละบาท,2,10,18,100,100,ใช่,9,0,1,2026-05-19,2026-09-08
S29,หน่วยที่ 3: โครงสร้างการวนซ้ำ,กิจกรรม 3-A4: รวมผลบวกตัวเลขบวก,2,3,90,100,100,ใช่,3,0,0,2026-07-06,2026-07-06
S29,หน่วยที่ 3: โครงสร้างการวนซ้ำ,กิจกรรม 3-A5: ร้านขนมลาในชุมชน,3,2,80,80,80,ไม่,,0,1,2026-09-15,2026-09-15
S29,หน่วยที่ 3: โครงสร้างการวนซ้ำ,กิจกรรม 3-B1: สร้าง Pattern สามเหลี่ยมดาว,2,1,100,100,100,ใช่,1,0,0,2026-09-08,2026-09-08
S29,หน่วยที่ 3: โครงสร้างการวนซ้ำ,กิจกรรม 3-C: หาเลขจำนวนเฉพาะ 1 ถึง N,3,1,100,100,100,ใช่,1,0,0,2026-08-17,2026-08-17
S29,หน่วยที่ 4: ฟังก์ชันและ Array,กิจกรรม 4-A: ฟังก์ชันหา Max และ Min,3,10,0,100,100,ใช่,10,0,5,2026-08-17,2026-08-17
S29,หน่วยที่ 4: ฟังก์ชันและ Array,กิจกรรม 4-B: ค่าเฉลี่ย Array,3,3,0,100,100,ใช่,3,1,1,2026-08-11,2026-08-11
S29,หน่วยที่ 4: ฟังก์ชันและ Array,กิจกรรม 4-C: Debug โค้ด (3 Bug),3,1,100,100,100,ใช่,1,0,0,2026-08-17,2026-08-17
S29,หน่วยที่ 4: ฟังก์ชันและ Array,กิจกรรม 4-D ค้นหาจำนวนคู่ตัวเลขในอาร์เรย์ที่มีผลรวมเท่ากับค่าเป้าหมาย,4,1,100,100,100,ใช่,1,0,0,2026-08-18,2026-08-18
S29,หน่วยที่ 5,กิจกรรม 5-A: ระบบคำนวณเกรดเฉลี่ย,5,1,100,100,100,ใช่,1,0,0,2026-09-21,2026-09-21
S29,หน่วยที่ 5,กิจกรรม 5-B: คลังคะแนน,5,7,75,100,100,ใช่,7,0,0,2026-09-21,2026-09-22
S30,หน่วยที่ 1: โครงสร้างโปรแกรม C + I/O,กิจกรรม 1-A: Hello World และข้อมูลส่วนตัว,2,42,0,100,0,ใช่,10,1,0,2026-05-18,2026-09-08
S30,หน่วยที่ 1: โครงสร้างโปรแกรม C + I/O,กิจกรรม 1-B: เครื่องคิดเลข 2 ตัวเลข,3,16,0,100,0,ใช่,15,0,0,2026-05-26,2026-09-08
S30,หน่วยที่ 1: โครงสร้างโปรแกรม C + I/O,กิจกรรม 1-C: พื้นที่และเส้นรอบรูปสามเหลี่ยม,3,66,0,67,67,ไม่,,12,16,2026-05-26,2026-09-26
S30,หน่วยที่ 1: โครงสร้างโปรแกรม C + I/O,กิจกรรม 1-D โปรแกรมคำนวณการแลกเหรียญ,3,5,0,100,100,ใช่,3,1,1,2026-06-08,2026-09-08
S30,หน่วยที่ 2: โครงสร้างการตัดสินใจ,กิจกรรม 2-A: จัดเกรด A-F,3,17,0,100,100,ใช่,11,0,0,2026-05-26,2026-09-08
S30,หน่วยที่ 2: โครงสร้างการตัดสินใจ,กิจกรรม 2-B: เมนูเครื่องคิดเลข (switch),4,24,0,100,100,ใช่,22,2,2,2026-05-26,2026-09-08
S30,หน่วยที่ 2: โครงสร้างการตัดสินใจ,กิจกรรม 2-C: ตรวจสอบปีอธิกสุรทิน,3,13,0,100,100,ใช่,10,0,0,2026-06-09,2026-09-08
S30,หน่วยที่ 3: โครงสร้างการวนซ้ำ,กิจกรรม 3-A1: 1 ถึง N โดยใช้ for loop,2,37,20,100,100,ใช่,2,0,0,2026-05-18,2026-09-08
S30,หน่วยที่ 3: โครงสร้างการวนซ้ำ,กิจกรรม 3-A2: นับถอยหลัง,2,31,100,100,100,ใช่,1,5,4,2026-05-18,2026-09-08
S30,หน่วยที่ 3: โครงสร้างการวนซ้ำ,กิจกรรม 3-A3: โครงการออมทรัพย์เพิ่มวันละบาท,2,13,0,100,100,ใช่,9,0,0,2026-05-19,2026-09-08
S30,หน่วยที่ 3: โครงสร้างการวนซ้ำ,กิจกรรม 3-A4: รวมผลบวกตัวเลขบวก,2,3,0,100,100,ใช่,2,0,0,2026-07-06,2026-09-08
S30,หน่วยที่ 3: โครงสร้างการวนซ้ำ,กิจกรรม 3-A5: ร้านขนมลาในชุมชน,3,2,0,80,80,ไม่,,0,0,2026-09-15,2026-09-15
S30,หน่วยที่ 3: โครงสร้างการวนซ้ำ,กิจกรรม 3-B1: สร้าง Pattern สามเหลี่ยมดาว,2,3,0,100,100,ใช่,3,0,0,2026-05-26,2026-05-26
S30,หน่วยที่ 3: โครงสร้างการวนซ้ำ,กิจกรรม 3-C: หาเลขจำนวนเฉพาะ 1 ถึง N,3,3,0,100,0,ใช่,2,0,0,2026-05-19,2026-09-08
S30,หน่วยที่ 4: ฟังก์ชันและ Array,กิจกรรม 4-A: ฟังก์ชันหา Max และ Min,3,3,0,100,0,ใช่,2,0,0,2026-05-26,2026-09-08
S30,หน่วยที่ 4: ฟังก์ชันและ Array,กิจกรรม 4-B: ค่าเฉลี่ย Array,3,2,0,100,100,ใช่,2,0,0,2026-08-04,2026-08-04
S30,หน่วยที่ 4: ฟังก์ชันและ Array,กิจกรรม 4-C: Debug โค้ด (3 Bug),3,1,100,100,100,ใช่,1,0,0,2026-08-04,2026-08-04
S30,หน่วยที่ 4: ฟังก์ชันและ Array,กิจกรรม 4-D ค้นหาจำนวนคู่ตัวเลขในอาร์เรย์ที่มีผลรวมเท่ากับค่าเป้าหมาย,4,9,0,100,100,ใช่,5,4,4,2026-08-18,2026-09-08
S30,หน่วยที่ 5,กิจกรรม 5-A: ระบบคำนวณเกรดเฉลี่ย,5,2,100,100,100,ใช่,1,0,0,2026-09-21,2026-09-21
S30,หน่วยที่ 5,กิจกรรม 5-B: คลังคะแนน,5,7,0,100,100,ใช่,7,0,0,2026-09-21,2026-09-22
S31,หน่วยที่ 1: โครงสร้างโปรแกรม C + I/O,กิจกรรม 1-A: Hello World และข้อมูลส่วนตัว,2,2,0,100,100,ใช่,2,0,0,2026-05-18,2026-05-18
S31,หน่วยที่ 1: โครงสร้างโปรแกรม C + I/O,กิจกรรม 1-B: เครื่องคิดเลข 2 ตัวเลข,3,7,0,100,100,ใช่,2,0,0,2026-05-18,2026-05-19
S31,หน่วยที่ 1: โครงสร้างโปรแกรม C + I/O,กิจกรรม 1-C: พื้นที่และเส้นรอบรูปสามเหลี่ยม,3,15,67,100,33,ใช่,14,4,0,2026-05-26,2026-05-26
S31,หน่วยที่ 1: โครงสร้างโปรแกรม C + I/O,กิจกรรม 1-D โปรแกรมคำนวณการแลกเหรียญ,3,3,80,100,100,ใช่,3,0,0,2026-05-26,2026-05-26
S31,หน่วยที่ 2: โครงสร้างการตัดสินใจ,กิจกรรม 2-A: จัดเกรด A-F,3,5,0,100,33,ใช่,3,0,0,2026-05-12,2026-06-09
S31,หน่วยที่ 2: โครงสร้างการตัดสินใจ,กิจกรรม 2-B: เมนูเครื่องคิดเลข (switch),4,10,25,100,100,ใช่,10,0,0,2026-06-09,2026-06-09
S31,หน่วยที่ 2: โครงสร้างการตัดสินใจ,กิจกรรม 2-C: ตรวจสอบปีอธิกสุรทิน,3,19,0,100,100,ใช่,19,0,0,2026-06-09,2026-06-09
S31,หน่วยที่ 3: โครงสร้างการวนซ้ำ,กิจกรรม 3-A1: 1 ถึง N โดยใช้ for loop,2,13,60,100,100,ใช่,4,0,0,2026-05-19,2026-09-08
S31,หน่วยที่ 3: โครงสร้างการวนซ้ำ,กิจกรรม 3-A2: นับถอยหลัง,2,2,100,100,100,ใช่,1,0,0,2026-05-23,2026-09-07
S31,หน่วยที่ 3: โครงสร้างการวนซ้ำ,กิจกรรม 3-A3: โครงการออมทรัพย์เพิ่มวันละบาท,2,10,0,100,100,ใช่,9,0,0,2026-05-23,2026-09-08
S31,หน่วยที่ 3: โครงสร้างการวนซ้ำ,กิจกรรม 3-A4: รวมผลบวกตัวเลขบวก,2,1,100,100,100,ใช่,1,0,0,2026-07-06,2026-07-06
S31,หน่วยที่ 3: โครงสร้างการวนซ้ำ,กิจกรรม 3-A5: ร้านขนมลาในชุมชน,3,7,0,80,80,ไม่,,0,9,2026-09-08,2026-09-22
S31,หน่วยที่ 3: โครงสร้างการวนซ้ำ,กิจกรรม 3-B1: สร้าง Pattern สามเหลี่ยมดาว,2,2,100,100,100,ใช่,1,0,0,2026-08-25,2026-09-15
S31,หน่วยที่ 3: โครงสร้างการวนซ้ำ,กิจกรรม 3-C: หาเลขจำนวนเฉพาะ 1 ถึง N,3,1,100,100,100,ใช่,1,0,0,2026-08-25,2026-08-25
S31,หน่วยที่ 4: ฟังก์ชันและ Array,กิจกรรม 4-A: ฟังก์ชันหา Max และ Min,3,4,0,100,100,ใช่,4,0,1,2026-08-25,2026-09-15
S31,หน่วยที่ 4: ฟังก์ชันและ Array,กิจกรรม 4-B: ค่าเฉลี่ย Array,3,1,100,100,100,ใช่,1,0,0,2026-09-21,2026-09-21
S31,หน่วยที่ 4: ฟังก์ชันและ Array,กิจกรรม 4-C: Debug โค้ด (3 Bug),3,1,100,100,100,ใช่,1,0,0,2026-08-25,2026-08-25
S31,หน่วยที่ 4: ฟังก์ชันและ Array,กิจกรรม 4-D ค้นหาจำนวนคู่ตัวเลขในอาร์เรย์ที่มีผลรวมเท่ากับค่าเป้าหมาย,4,2,100,100,100,ใช่,1,0,0,2026-08-25,2026-09-21
S31,หน่วยที่ 5,กิจกรรม 5-A: ระบบคำนวณเกรดเฉลี่ย,5,1,100,100,100,ใช่,1,0,0,2026-09-21,2026-09-21
S31,หน่วยที่ 5,กิจกรรม 5-B: คลังคะแนน,5,3,75,100,100,ใช่,3,0,1,2026-09-21,2026-09-22
S32,หน่วยที่ 1: โครงสร้างโปรแกรม C + I/O,กิจกรรม 1-A: Hello World และข้อมูลส่วนตัว,2,7,0,100,100,ใช่,5,0,0,2026-05-18,2026-05-26
S32,หน่วยที่ 1: โครงสร้างโปรแกรม C + I/O,กิจกรรม 1-B: เครื่องคิดเลข 2 ตัวเลข,3,13,0,100,75,ใช่,11,1,0,2026-05-18,2026-05-26
S32,หน่วยที่ 1: โครงสร้างโปรแกรม C + I/O,กิจกรรม 1-C: พื้นที่และเส้นรอบรูปสามเหลี่ยม,3,3,0,100,100,ใช่,2,0,0,2026-05-26,2026-05-26
S32,หน่วยที่ 1: โครงสร้างโปรแกรม C + I/O,กิจกรรม 1-D โปรแกรมคำนวณการแลกเหรียญ,3,5,0,100,60,ใช่,4,0,0,2026-05-26,2026-05-26
S32,หน่วยที่ 2: โครงสร้างการตัดสินใจ,กิจกรรม 2-A: จัดเกรด A-F,3,3,33,100,100,ใช่,2,0,0,2026-06-08,2026-09-21
S32,หน่วยที่ 2: โครงสร้างการตัดสินใจ,กิจกรรม 2-B: เมนูเครื่องคิดเลข (switch),4,3,0,100,100,ใช่,3,0,0,2026-06-08,2026-07-13
S32,หน่วยที่ 2: โครงสร้างการตัดสินใจ,กิจกรรม 2-C: ตรวจสอบปีอธิกสุรทิน,3,3,0,100,100,ใช่,3,0,0,2026-06-09,2026-06-09
S32,หน่วยที่ 3: โครงสร้างการวนซ้ำ,กิจกรรม 3-A1: 1 ถึง N โดยใช้ for loop,2,21,20,100,100,ใช่,17,2,0,2026-05-23,2026-09-08
S32,หน่วยที่ 3: โครงสร้างการวนซ้ำ,กิจกรรม 3-A2: นับถอยหลัง,2,17,20,100,100,ใช่,12,0,0,2026-05-23,2026-09-07
S32,หน่วยที่ 3: โครงสร้างการวนซ้ำ,กิจกรรม 3-A3: โครงการออมทรัพย์เพิ่มวันละบาท,2,9,0,100,100,ใช่,7,0,0,2026-05-23,2026-05-25
S32,หน่วยที่ 3: โครงสร้างการวนซ้ำ,กิจกรรม 3-A4: รวมผลบวกตัวเลขบวก,2,1,100,100,100,ใช่,1,0,0,2026-06-30,2026-06-30
S32,หน่วยที่ 3: โครงสร้างการวนซ้ำ,กิจกรรม 3-A5: ร้านขนมลาในชุมชน,3,3,80,80,0,ไม่,,0,0,2026-09-08,2026-09-08
S32,หน่วยที่ 3: โครงสร้างการวนซ้ำ,กิจกรรม 3-B1: สร้าง Pattern สามเหลี่ยมดาว,2,5,0,100,100,ใช่,5,0,0,2026-05-26,2026-05-26
S32,หน่วยที่ 3: โครงสร้างการวนซ้ำ,กิจกรรม 3-C: หาเลขจำนวนเฉพาะ 1 ถึง N,3,1,100,100,100,ใช่,1,0,0,2026-07-13,2026-07-13
S32,หน่วยที่ 4: ฟังก์ชันและ Array,กิจกรรม 4-A: ฟังก์ชันหา Max และ Min,3,5,50,100,100,ใช่,4,0,0,2026-06-09,2026-08-17
S32,หน่วยที่ 4: ฟังก์ชันและ Array,กิจกรรม 4-B: ค่าเฉลี่ย Array,3,4,0,100,100,ใช่,3,0,0,2026-06-09,2026-08-17
S32,หน่วยที่ 4: ฟังก์ชันและ Array,กิจกรรม 4-C: Debug โค้ด (3 Bug),3,9,0,100,100,ใช่,8,0,0,2026-06-09,2026-08-17
S32,หน่วยที่ 4: ฟังก์ชันและ Array,กิจกรรม 4-D ค้นหาจำนวนคู่ตัวเลขในอาร์เรย์ที่มีผลรวมเท่ากับค่าเป้าหมาย,4,1,100,100,100,ใช่,1,0,0,2026-08-18,2026-08-18
S32,หน่วยที่ 5,กิจกรรม 5-A: ระบบคำนวณเกรดเฉลี่ย,5,6,0,100,100,ใช่,6,0,2,2026-09-21,2026-09-21
S32,หน่วยที่ 5,กิจกรรม 5-B: คลังคะแนน,5,2,0,100,100,ใช่,2,0,0,2026-09-21,2026-09-21
S33,หน่วยที่ 1: โครงสร้างโปรแกรม C + I/O,กิจกรรม 1-A: Hello World และข้อมูลส่วนตัว,2,9,0,100,0,ใช่,5,0,0,2026-05-26,2026-09-15
S33,หน่วยที่ 1: โครงสร้างโปรแกรม C + I/O,กิจกรรม 1-B: เครื่องคิดเลข 2 ตัวเลข,3,3,0,100,100,ใช่,2,0,0,2026-05-26,2026-09-15
S33,หน่วยที่ 1: โครงสร้างโปรแกรม C + I/O,กิจกรรม 1-C: พื้นที่และเส้นรอบรูปสามเหลี่ยม,3,5,100,100,100,ใช่,1,0,0,2026-05-26,2026-05-26
S33,หน่วยที่ 1: โครงสร้างโปรแกรม C + I/O,กิจกรรม 1-D โปรแกรมคำนวณการแลกเหรียญ,3,1,100,100,100,ใช่,1,0,0,2026-06-08,2026-06-08
S33,หน่วยที่ 2: โครงสร้างการตัดสินใจ,กิจกรรม 2-A: จัดเกรด A-F,3,2,100,100,0,ใช่,1,0,0,2026-06-08,2026-06-09
S33,หน่วยที่ 2: โครงสร้างการตัดสินใจ,กิจกรรม 2-B: เมนูเครื่องคิดเลข (switch),4,19,25,100,100,ใช่,18,1,1,2026-06-09,2026-09-15
S33,หน่วยที่ 2: โครงสร้างการตัดสินใจ,กิจกรรม 2-C: ตรวจสอบปีอธิกสุรทิน,3,23,33,100,100,ใช่,23,0,0,2026-06-09,2026-06-09
S33,หน่วยที่ 3: โครงสร้างการวนซ้ำ,กิจกรรม 3-A1: 1 ถึง N โดยใช้ for loop,2,5,40,100,100,ใช่,3,0,0,2026-05-22,2026-09-08
S33,หน่วยที่ 3: โครงสร้างการวนซ้ำ,กิจกรรม 3-A2: นับถอยหลัง,2,16,40,100,40,ใช่,9,2,0,2026-05-22,2026-09-08
S33,หน่วยที่ 3: โครงสร้างการวนซ้ำ,กิจกรรม 3-A3: โครงการออมทรัพย์เพิ่มวันละบาท,2,8,0,100,0,ใช่,3,0,0,2026-05-22,2026-09-08
S33,หน่วยที่ 3: โครงสร้างการวนซ้ำ,กิจกรรม 3-A4: รวมผลบวกตัวเลขบวก,2,2,0,100,100,ใช่,2,0,0,2026-09-15,2026-09-15
S33,หน่วยที่ 3: โครงสร้างการวนซ้ำ,กิจกรรม 3-A5: ร้านขนมลาในชุมชน,3,1,80,80,80,ไม่,,0,0,2026-09-25,2026-09-25
S33,หน่วยที่ 3: โครงสร้างการวนซ้ำ,กิจกรรม 3-B1: สร้าง Pattern สามเหลี่ยมดาว,2,1,100,100,100,ใช่,1,0,0,2026-09-22,2026-09-22
S33,หน่วยที่ 3: โครงสร้างการวนซ้ำ,กิจกรรม 3-C: หาเลขจำนวนเฉพาะ 1 ถึง N,3,5,0,100,100,ใช่,5,0,0,2026-07-13,2026-09-21
S33,หน่วยที่ 4: ฟังก์ชันและ Array,กิจกรรม 4-A: ฟังก์ชันหา Max และ Min,3,2,0,100,100,ใช่,2,0,0,2026-09-15,2026-09-15
S33,หน่วยที่ 4: ฟังก์ชันและ Array,กิจกรรม 4-B: ค่าเฉลี่ย Array,3,1,100,100,100,ใช่,1,0,0,2026-09-21,2026-09-21
S33,หน่วยที่ 4: ฟังก์ชันและ Array,กิจกรรม 4-C: Debug โค้ด (3 Bug),3,9,0,100,100,ใช่,9,0,0,2026-07-13,2026-09-21
S33,หน่วยที่ 4: ฟังก์ชันและ Array,กิจกรรม 4-D ค้นหาจำนวนคู่ตัวเลขในอาร์เรย์ที่มีผลรวมเท่ากับค่าเป้าหมาย,4,1,100,100,100,ใช่,1,0,0,2026-09-25,2026-09-25
S33,หน่วยที่ 5,กิจกรรม 5-A: ระบบคำนวณเกรดเฉลี่ย,5,1,100,100,100,ใช่,1,0,0,2026-09-21,2026-09-21
S33,หน่วยที่ 5,กิจกรรม 5-B: คลังคะแนน,5,5,0,100,100,ใช่,5,0,0,2026-09-22,2026-09-25
S34,หน่วยที่ 1: โครงสร้างโปรแกรม C + I/O,กิจกรรม 1-A: Hello World และข้อมูลส่วนตัว,2,5,0,100,100,ใช่,4,0,0,2026-05-18,2026-05-19
S34,หน่วยที่ 1: โครงสร้างโปรแกรม C + I/O,กิจกรรม 1-B: เครื่องคิดเลข 2 ตัวเลข,3,13,0,100,100,ใช่,10,0,0,2026-05-18,2026-05-19
S34,หน่วยที่ 1: โครงสร้างโปรแกรม C + I/O,กิจกรรม 1-C: พื้นที่และเส้นรอบรูปสามเหลี่ยม,3,34,0,67,0,ไม่,,1,5,2026-05-26,2026-09-20
S34,หน่วยที่ 1: โครงสร้างโปรแกรม C + I/O,กิจกรรม 1-D โปรแกรมคำนวณการแลกเหรียญ,3,4,0,100,100,ใช่,4,0,0,2026-09-20,2026-09-24
S34,หน่วยที่ 2: โครงสร้างการตัดสินใจ,กิจกรรม 2-A: จัดเกรด A-F,3,3,0,100,100,ใช่,2,0,0,2026-09-24,2026-09-24
S34,หน่วยที่ 2: โครงสร้างการตัดสินใจ,กิจกรรม 2-B: เมนูเครื่องคิดเลข (switch),4,1,100,100,100,ใช่,1,0,0,2026-09-24,2026-09-24
S34,หน่วยที่ 2: โครงสร้างการตัดสินใจ,กิจกรรม 2-C: ตรวจสอบปีอธิกสุรทิน,3,1,100,100,100,ใช่,1,0,0,2026-09-24,2026-09-24
S34,หน่วยที่ 3: โครงสร้างการวนซ้ำ,กิจกรรม 3-A1: 1 ถึง N โดยใช้ for loop,2,7,20,100,40,ใช่,2,0,0,2026-05-18,2026-05-19
S34,หน่วยที่ 3: โครงสร้างการวนซ้ำ,กิจกรรม 3-A2: นับถอยหลัง,2,13,0,100,80,ใช่,12,0,0,2026-05-19,2026-05-25
S34,หน่วยที่ 3: โครงสร้างการวนซ้ำ,กิจกรรม 3-A3: โครงการออมทรัพย์เพิ่มวันละบาท,2,3,0,100,100,ใช่,2,0,0,2026-05-23,2026-05-25
S34,หน่วยที่ 3: โครงสร้างการวนซ้ำ,กิจกรรม 3-A4: รวมผลบวกตัวเลขบวก,2,1,100,100,100,ใช่,1,0,0,2026-09-24,2026-09-24
S34,หน่วยที่ 3: โครงสร้างการวนซ้ำ,กิจกรรม 3-A5: ร้านขนมลาในชุมชน,3,1,80,80,80,ไม่,,0,0,2026-09-24,2026-09-24
S34,หน่วยที่ 3: โครงสร้างการวนซ้ำ,กิจกรรม 3-B1: สร้าง Pattern สามเหลี่ยมดาว,2,1,100,100,100,ใช่,1,0,0,2026-09-24,2026-09-24
S34,หน่วยที่ 3: โครงสร้างการวนซ้ำ,กิจกรรม 3-C: หาเลขจำนวนเฉพาะ 1 ถึง N,3,1,100,100,100,ใช่,1,0,0,2026-09-24,2026-09-24
S34,หน่วยที่ 4: ฟังก์ชันและ Array,กิจกรรม 4-A: ฟังก์ชันหา Max และ Min,3,8,0,100,100,ใช่,7,4,0,2026-05-25,2026-09-24
S34,หน่วยที่ 4: ฟังก์ชันและ Array,กิจกรรม 4-B: ค่าเฉลี่ย Array,3,1,100,100,100,ใช่,1,0,0,2026-09-24,2026-09-24
S34,หน่วยที่ 4: ฟังก์ชันและ Array,กิจกรรม 4-C: Debug โค้ด (3 Bug),3,4,0,0,0,ไม่,,0,0,2026-09-24,2026-09-26
S34,หน่วยที่ 4: ฟังก์ชันและ Array,กิจกรรม 4-D ค้นหาจำนวนคู่ตัวเลขในอาร์เรย์ที่มีผลรวมเท่ากับค่าเป้าหมาย,4,1,100,100,100,ใช่,1,0,0,2026-09-24,2026-09-24
S34,หน่วยที่ 5,กิจกรรม 5-A: ระบบคำนวณเกรดเฉลี่ย,5,1,100,100,100,ใช่,1,0,0,2026-09-24,2026-09-24
S34,หน่วยที่ 5,กิจกรรม 5-B: คลังคะแนน,5,1,100,100,100,ใช่,1,0,0,2026-09-24,2026-09-24
S35,หน่วยที่ 1: โครงสร้างโปรแกรม C + I/O,กิจกรรม 1-A: Hello World และข้อมูลส่วนตัว,2,1,100,100,100,ใช่,1,0,0,2026-05-18,2026-05-18
S35,หน่วยที่ 1: โครงสร้างโปรแกรม C + I/O,กิจกรรม 1-B: เครื่องคิดเลข 2 ตัวเลข,3,4,0,100,100,ใช่,4,0,0,2026-05-18,2026-06-09
S35,หน่วยที่ 1: โครงสร้างโปรแกรม C + I/O,กิจกรรม 1-C: พื้นที่และเส้นรอบรูปสามเหลี่ยม,3,30,0,67,67,ไม่,,0,0,2026-05-18,2026-08-17
S35,หน่วยที่ 1: โครงสร้างโปรแกรม C + I/O,กิจกรรม 1-D โปรแกรมคำนวณการแลกเหรียญ,3,6,60,100,100,ใช่,6,0,0,2026-05-26,2026-07-06
S35,หน่วยที่ 2: โครงสร้างการตัดสินใจ,กิจกรรม 2-A: จัดเกรด A-F,3,6,0,100,100,ใช่,5,0,0,2026-05-18,2026-08-25
S35,หน่วยที่ 2: โครงสร้างการตัดสินใจ,กิจกรรม 2-B: เมนูเครื่องคิดเลข (switch),4,13,0,100,100,ใช่,13,1,1,2026-06-09,2026-07-06
S35,หน่วยที่ 2: โครงสร้างการตัดสินใจ,กิจกรรม 2-C: ตรวจสอบปีอธิกสุรทิน,3,4,33,100,100,ใช่,4,0,0,2026-06-09,2026-06-09
S35,หน่วยที่ 3: โครงสร้างการวนซ้ำ,กิจกรรม 3-A1: 1 ถึง N โดยใช้ for loop,2,19,0,100,100,ใช่,12,0,0,2026-05-18,2026-09-08
S35,หน่วยที่ 3: โครงสร้างการวนซ้ำ,กิจกรรม 3-A2: นับถอยหลัง,2,4,20,100,40,ใช่,3,0,0,2026-05-23,2026-09-08
S35,หน่วยที่ 3: โครงสร้างการวนซ้ำ,กิจกรรม 3-A3: โครงการออมทรัพย์เพิ่มวันละบาท,2,1,100,100,100,ใช่,1,0,0,2026-05-23,2026-05-23
S35,หน่วยที่ 3: โครงสร้างการวนซ้ำ,กิจกรรม 3-A4: รวมผลบวกตัวเลขบวก,2,2,100,100,0,ใช่,1,0,0,2026-08-25,2026-09-08
S35,หน่วยที่ 3: โครงสร้างการวนซ้ำ,กิจกรรม 3-A5: ร้านขนมลาในชุมชน,3,2,80,80,80,ไม่,,0,0,2026-09-08,2026-09-08
S35,หน่วยที่ 3: โครงสร้างการวนซ้ำ,กิจกรรม 3-B1: สร้าง Pattern สามเหลี่ยมดาว,2,3,100,100,100,ใช่,1,0,0,2026-06-09,2026-08-31
S35,หน่วยที่ 3: โครงสร้างการวนซ้ำ,กิจกรรม 3-C: หาเลขจำนวนเฉพาะ 1 ถึง N,3,1,100,100,100,ใช่,1,0,0,2026-08-25,2026-08-25
S35,หน่วยที่ 4: ฟังก์ชันและ Array,กิจกรรม 4-A: ฟังก์ชันหา Max และ Min,3,2,100,100,100,ใช่,1,0,0,2026-07-13,2026-08-17
S35,หน่วยที่ 4: ฟังก์ชันและ Array,กิจกรรม 4-B: ค่าเฉลี่ย Array,3,3,0,100,100,ใช่,3,0,0,2026-09-21,2026-09-21
S35,หน่วยที่ 4: ฟังก์ชันและ Array,กิจกรรม 4-C: Debug โค้ด (3 Bug),3,2,100,100,100,ใช่,1,0,0,2026-08-25,2026-09-21
S35,หน่วยที่ 4: ฟังก์ชันและ Array,กิจกรรม 4-D ค้นหาจำนวนคู่ตัวเลขในอาร์เรย์ที่มีผลรวมเท่ากับค่าเป้าหมาย,4,6,0,100,100,ใช่,6,0,0,2026-08-25,2026-09-21
S35,หน่วยที่ 5,กิจกรรม 5-A: ระบบคำนวณเกรดเฉลี่ย,5,1,100,100,100,ใช่,1,0,0,2026-09-21,2026-09-21
S35,หน่วยที่ 5,กิจกรรม 5-B: คลังคะแนน,5,4,0,0,0,ไม่,,0,0,2026-09-21,2026-09-21