S-code,ขอคำใบ้ (coachInteractions),ระดับ1,ระดับ2,ระดับ3,ระดับ4,ขอคำใบ้ (usageEvents),จำนวนกิจกรรมที่ขอ,คะแนนดิบ E1,ร้อยละ E1
S01,5,3,1,1,0,4,3,57,95.00
S02,15,15,0,0,0,3,6,57,95.00
S03,3,2,1,0,0,3,2,46,76.67
S04,3,3,0,0,0,7,4,48,80.00
S05,7,2,2,2,1,16,5,57,95.00
S06,3,2,1,0,0,3,2,58,96.67
S07,5,4,1,0,0,4,3,58,96.67
S08,6,6,0,0,0,5,5,55,91.67
S09,1,1,0,0,0,1,1,53,88.33
S10,2,1,1,0,0,2,1,48,80.00
S11,8,5,1,1,1,3,3,53,88.33
S12,3,2,1,0,0,3,1,59,98.33
S13,6,4,1,1,0,3,4,54,90.00
S14,3,3,0,0,0,3,2,51,85.00
S15,2,2,0,0,0,2,1,55,91.67
S16,1,1,0,0,0,4,1,60,100.00
S17,2,1,1,0,0,2,1,53,88.33
S18,2,2,0,0,0,4,2,59,98.33
S19,6,4,2,0,0,5,4,52,86.67
S20,3,3,0,0,0,4,4,55,91.67
S21,15,9,5,1,0,26,11,56,93.33
S22,2,2,0,0,0,0,0,53,88.33
S23,0,0,0,0,0,0,0,51,85.00
S24,1,1,0,0,0,0,0,51,85.00
S25,12,4,3,3,2,12,5,53,88.33
S26,1,1,0,0,0,0,0,57,95.00
S27,9,4,3,1,1,8,2,45,75.00
S28,0,0,0,0,0,0,0,51,85.00
S29,7,4,1,1,1,12,6,58,96.67
S30,27,12,7,4,4,27,6,47,78.33
S31,9,3,2,2,2,11,4,55,91.67
S32,3,3,0,0,0,2,3,55,91.67
S33,3,3,0,0,0,1,2,51,85.00
S34,5,2,1,1,1,5,2,52,86.67
S35,1,1,0,0,0,1,1,50,83.33