วันที่,ประเภท,ขั้น 5Es,คำถาม,ตัวเลือกที่ถูก,สถานะ,คาดว่ามีผู้ตอบ,ผู้ตอบรอบ1,ผู้ตอบรอบ2,ถูกรอบ1 (%),ถูกรอบ2 (%),ผิด→ถูก,ถูก→ผิด,ผิด→ผิด
2026-08-30,choice,E2,ถ้ารันโค้ดชุดนี้ จะได้อะไร,b,draft,36,0,0,0.0,0.0,0,0,0
2026-09-07,choice,E2,ชุดที่ 1 — ถ้ารันโค้ดชุดนี้ จะได้อะไร,b,round2_closed,36,34,33,58.8,100.0,14,0,0
2026-08-30,choice,E2,ถ้ารันโค้ดชุดนี้ จะได้อะไร,b,round1_closed,36,1,0,100.0,0.0,0,0,0
2026-08-30,choice,E2,ถ้ารันโค้ดชุดนี้ จะได้อะไร,b,round1_open,36,1,0,100.0,0.0,0,0,0
2026-08-30,choice,E2,ตัวแปร int x = 5; ถ้าเขียน x++ + ++x; ค่าของ x หลังบรรทัดนี้คือเท่าใด,c,round1_closed,36,1,0,0.0,0.0,0,0,0
2026-09-02,text,E1,ที่บ้าน ที่โรงเรียน หรือที่ร้านค้าในชุมชนของเรา มีงานอะไรที่ต้องทำซ้ำๆ บ้าง,(ปลายเปิด),round1_open,36,0,0,,,,,
2026-09-06,choice,E2,ชุดที่ 2 — ถ้ารันโค้ดชุดนี้ จะได้อะไร,c,round2_closed,36,0,0,0.0,0.0,0,0,0
2026-09-02,text,E1,ที่บ้าน ที่โรงเรียน หรือที่ร้านค้าในชุมชนของเรา มีงานอะไรที่ต้องทำซ้ำๆ บ้าง,(ปลายเปิด),round1_open,36,0,0,,,,,
2026-09-07,choice,E2,ชุดที่ 3 — ลูปนี้จะพิมพ์ตัวเลขกี่ครั้ง,b,round2_closed,36,34,34,55.9,91.2,12,0,3
2026-09-08,choice,E2,ชุดที่ 3 — ลูปนี้จะพิมพ์ตัวเลขกี่ครั้ง,b,round2_closed,36,33,32,54.5,100.0,15,0,0
2026-09-08,choice,E2,ชุดที่ 1 — ถ้ารันโค้ดชุดนี้ จะได้อะไร,b,round2_closed,36,32,32,56.3,100.0,14,0,0
2026-09-07,text,E1,ที่บ้าน ที่โรงเรียน หรือที่ร้านค้าในชุมชนของเรา มีงานอะไรที่ต้องทำซ้ำๆ บ้าง,(ปลายเปิด),round1_open,36,0,0,,,,,
2026-09-07,choice,E2,ชุดที่ 2 — ถ้ารันโค้ดชุดนี้ จะได้อะไร,c,round2_closed,36,34,33,55.9,93.9,13,0,2
2026-09-07,text,E1,ที่บ้าน ที่โรงเรียน หรือที่ร้านค้าในชุมชนของเรา มีงานอะไรที่ต้องทำซ้ำๆ บ้าง,(ปลายเปิด),round1_closed,36,0,0,,,,,
2026-09-07,choice,E2,ชุดที่ 1 — ถ้ารันโค้ดชุดนี้ จะได้อะไร,b,round2_closed,36,30,34,100.0,94.1,0,2,0
2026-08-30,choice,E2,ลูปนี้จะพิมพ์ตัวเลขกี่ครั้ง,b,round1_closed,36,1,0,0.0,0.0,0,0,0
2026-09-06,choice,E2,ชุดที่ 3 — ลูปนี้จะพิมพ์ตัวเลขกี่ครั้ง,b,round2_closed,36,0,0,0.0,0.0,0,0,0
2026-09-06,text,E1,ที่บ้าน ที่โรงเรียน หรือที่ร้านค้าในชุมชนของเรา มีงานอะไรที่ต้องทำซ้ำๆ บ้าง,(ปลายเปิด),round1_closed,36,0,0,,,,,
2026-09-08,text,E1,ที่บ้าน ที่โรงเรียน หรือที่ร้านค้าในชุมชนของเรา มีงานอะไรที่ต้องทำซ้ำๆ บ้าง,(ปลายเปิด),round1_closed,36,0,0,,,,,
2026-09-08,choice,E2,ชุดที่ 2 — ถ้ารันโค้ดชุดนี้ จะได้อะไร,c,round2_closed,36,32,33,46.9,97.0,16,0,1