S-code,ระดับความเสี่ยง,เวลา,E1 สุดท้าย (%)
S13,risk_high,2026-06-09 08:37,90.00
S34,risk_high,2026-06-21 12:59,86.67
S33,risk_high,2026-06-09 09:19,85.00
S21,risk_high,2026-05-23 14:18,93.33
S24,risk_high,2026-05-23 17:53,85.00
S20,risk_high,2026-06-22 08:46,91.67
S35,risk_high,2026-06-09 09:24,83.33
S07,risk_high,2026-09-08 08:43,96.67
S08,risk_high,2026-07-06 08:52,91.67
S25,risk_high,2026-05-26 08:59,88.33
S07,risk_high,2026-06-02 10:18,96.67
S15,risk_high,2026-06-29 09:37,91.67
S10,risk_high,2026-09-24 23:46,80.00
S18,risk_high,2026-05-23 20:35,98.33
S23,risk_high,2026-06-09 09:12,85.00
S33,risk_high,2026-07-13 09:23,85.00
S10,risk_high,2026-07-05 21:10,80.00
S10,risk_high,2026-06-27 21:16,80.00
S21,risk_high,2026-06-22 08:35,93.33
S02,risk_high,2026-05-23 22:04,95.00
S19,risk_high,2026-07-13 09:01,86.67
S33,risk_high,2026-05-26 09:25,85.00
S21,risk_high,2026-05-19 12:20,93.33
S05,risk_high,2026-05-23 18:00,95.00
S27,risk_medium,2026-05-22 23:43,75.00
S32,risk_high,2026-06-09 08:51,91.67
S12,risk_high,2026-08-21 22:04,98.33
S26,risk_high,2026-09-22 08:47,95.00
S07,risk_high,2026-06-02 10:19,96.67
S20,risk_high,2026-07-06 09:49,91.67
S01,risk_high,2026-05-19 07:55,95.00
S02,risk_high,2026-05-21 20:32,95.00
S15,risk_high,2026-07-06 08:54,91.67
S30,risk_high,2026-05-25 08:28,78.33
S32,risk_high,2026-07-14 22:05,91.67
S14,risk_high,2026-06-08 08:45,85.00
S03,risk_high,2026-08-17 08:43,76.67
S35,risk_high,2026-05-25 09:42,83.33
S13,risk_high,2026-08-25 08:58,90.00
S21,risk_high,2026-08-22 15:38,93.33
S04,risk_high,2026-05-26 09:44,80.00
S13,risk_medium,2026-08-07 21:29,90.00
S21,risk_high,2026-06-29 09:45,93.33
S31,risk_high,2026-05-26 09:31,91.67
S13,risk_medium,2026-08-10 08:53,90.00
S15,risk_high,2026-08-04 08:58,91.67
S19,risk_high,2026-06-08 09:02,86.67
S22,risk_high,2026-05-25 09:37,88.33
S30,risk_high,2026-06-09 08:52,78.33
S17,risk_high,2026-08-08 15:31,88.33
S12,risk_high,2026-08-21 22:10,98.33
S21,risk_high,2026-09-22 09:36,93.33
S04,risk_high,2026-05-25 09:10,80.00
S04,risk_high,2026-05-25 08:53,80.00
S10,risk_high,2026-06-09 09:21,80.00
S32,risk_high,2026-09-25 22:10,91.67
S34,risk_high,2026-06-21 12:59,86.67
S32,risk_medium,2026-06-09 09:03,91.67
S07,risk_high,2026-07-13 08:41,96.67
S21,risk_high,2026-05-25 08:49,93.33
S25,risk_high,2026-09-21 08:36,88.33
S14,risk_high,2026-06-09 09:56,85.00
S16,risk_high,2026-06-29 09:35,100.00
S05,risk_high,2026-05-19 09:34,95.00
S11,risk_medium,2026-05-23 11:05,88.33
S35,risk_medium,2026-06-09 09:12,83.33
S35,risk_medium,2026-05-18 10:53,83.33
S29,risk_high,2026-05-23 21:29,96.67
S05,risk_high,2026-05-22 10:41,95.00
S21,risk_high,2026-09-15 21:35,93.33
S16,risk_high,2026-06-09 09:56,100.00
S13,risk_medium,2026-05-19 10:16,90.00
S19,risk_high,2026-06-08 09:04,86.67
S14,risk_high,2026-06-08 08:48,85.00
S32,risk_high,2026-05-25 09:29,91.67
S23,risk_high,2026-05-18 10:48,85.00
S24,risk_high,2026-08-04 08:58,85.00
S31,risk_high,2026-06-23 08:43,91.67
S15,risk_high,2026-08-10 09:06,91.67
S09,risk_high,2026-06-22 09:21,88.33
S04,risk_high,2026-07-06 08:51,80.00
S14,risk_high,2026-05-23 20:29,85.00
S32,risk_medium,2026-05-26 09:15,91.67
S17,risk_high,2026-05-21 19:45,88.33
S10,risk_high,2026-09-26 08:52,80.00
S04,risk_medium,2026-05-19 08:42,80.00
S05,risk_high,2026-05-21 08:17,95.00
S15,risk_high,2026-06-29 10:03,91.67
S07,risk_high,2026-07-13 09:12,96.67
S16,risk_high,2026-05-18 10:08,100.00
S24,risk_high,2026-06-22 09:09,85.00
S21,risk_high,2026-06-22 08:49,93.33
S35,risk_high,2026-08-25 09:04,83.33
S02,risk_high,2026-06-09 08:38,95.00
S24,risk_high,2026-07-14 09:13,85.00
S19,risk_high,2026-05-22 11:08,86.67
S02,risk_high,2026-05-23 22:05,95.00
S29,risk_high,2026-08-18 09:18,96.67
S22,risk_high,2026-05-19 09:09,88.33
S32,risk_high,2026-09-25 22:13,91.67
S17,risk_high,2026-08-25 08:57,88.33
S19,risk_high,2026-05-18 10:47,86.67
S31,risk_high,2026-05-26 09:35,91.67
S16,risk_high,2026-09-22 09:45,100.00
S24,risk_high,2026-08-25 11:58,85.00
S02,risk_high,2026-06-08 02:57,95.00
S01,risk_high,2026-05-25 14:55,95.00
S22,risk_high,2026-05-23 21:25,88.33
S17,risk_high,2026-08-16 23:37,88.33
S02,risk_high,2026-05-26 06:22,95.00
S15,risk_high,2026-06-23 08:44,91.67
S29,risk_medium,2026-05-19 09:23,96.67
S22,risk_high,2026-05-19 08:55,88.33
S35,risk_high,2026-05-25 09:11,83.33
S05,risk_high,2026-08-25 09:04,95.00
S27,risk_high,2026-07-13 09:13,75.00
S21,risk_high,2026-05-18 10:44,93.33
S35,risk_high,2026-07-13 08:59,83.33
S30,risk_high,2026-05-26 22:46,78.33
S26,risk_high,2026-06-08 08:57,95.00
S29,risk_high,2026-05-26 09:35,96.67
S30,risk_high,2026-06-08 09:24,78.33
S14,risk_high,2026-06-08 08:48,85.00
S35,risk_high,2026-09-25 22:34,83.33
S32,risk_high,2026-09-25 22:35,91.67
S17,risk_high,2026-05-19 10:20,88.33
S21,risk_high,2026-05-26 22:01,93.33
S01,risk_high,2026-05-19 08:52,95.00
S20,risk_high,2026-08-25 08:58,91.67
S34,risk_high,2026-09-20 19:10,86.67
S32,risk_high,2026-05-23 19:15,91.67
S18,risk_high,2026-07-14 09:12,98.33
S15,risk_medium,2026-05-19 07:40,91.67
S33,risk_high,2026-09-25 22:00,85.00
S26,risk_high,2026-06-22 09:22,95.00
S28,risk_high,2026-06-22 08:41,85.00
S02,risk_high,2026-06-22 08:34,95.00
S32,risk_high,2026-09-25 22:09,91.67
S33,risk_high,2026-05-23 21:19,85.00
S26,risk_high,2026-07-13 08:28,95.00
S04,risk_high,2026-05-25 08:40,80.00
S34,risk_high,2026-05-23 18:38,86.67
S13,risk_medium,2026-07-26 10:23,90.00
S13,risk_high,2026-06-09 09:58,90.00
S29,risk_medium,2026-05-18 10:44,96.67
S31,risk_high,2026-05-26 09:12,91.67
S26,risk_high,2026-06-29 09:48,95.00
S24,risk_high,2026-06-29 09:08,85.00
S06,risk_high,2026-06-29 09:03,96.67
S02,risk_medium,2026-05-19 08:37,95.00
S10,risk_high,2026-05-29 11:22,80.00
S06,risk_high,2026-08-17 08:36,96.67
S01,risk_medium,2026-05-26 07:48,95.00
S33,risk_high,2026-09-25 22:12,85.00
S14,risk_high,2026-05-25 09:02,85.00
S06,risk_high,2026-06-22 09:44,96.67
S22,risk_high,2026-05-21 19:57,88.33
S05,risk_high,2026-06-08 09:15,95.00
S35,risk_high,2026-06-08 09:49,83.33
S30,risk_high,2026-07-13 09:03,78.33
S18,risk_high,2026-08-06 11:15,98.33
S02,risk_high,2026-06-13 16:11,95.00
S16,risk_high,2026-06-29 09:11,100.00
S02,risk_high,2026-05-21 20:59,95.00
S17,risk_high,2026-06-09 09:58,88.33
S09,risk_high,2026-05-25 09:41,88.33
S14,risk_high,2026-05-22 08:01,85.00
S21,risk_high,2026-06-08 10:10,93.33
S27,risk_medium,2026-05-19 18:01,75.00
S17,risk_high,2026-08-10 09:07,88.33
S02,risk_high,2026-05-21 21:09,95.00
S17,risk_high,2026-08-16 20:48,88.33
S25,risk_high,2026-06-09 09:04,88.33
S05,risk_high,2026-05-25 08:55,95.00
S33,risk_high,2026-09-25 22:17,85.00
S24,risk_high,2026-05-25 09:37,85.00
S13,risk_medium,2026-05-19 10:16,90.00
S17,risk_medium,2026-09-22 08:44,88.33
S06,risk_high,2026-06-22 09:45,96.67
S21,risk_high,2026-05-19 12:28,93.33
S10,risk_high,2026-05-29 22:45,80.00
S29,risk_medium,2026-05-19 09:27,96.67
S26,risk_high,2026-09-25 19:02,95.00
S11,risk_high,2026-05-25 08:44,88.33
S02,risk_high,2026-06-08 02:59,95.00
S01,risk_high,2026-05-25 08:31,95.00
S07,risk_high,2026-08-25 19:09,96.67
S02,risk_high,2026-05-23 21:38,95.00
S32,risk_high,2026-06-08 09:18,91.67
S33,risk_high,2026-09-24 13:27,85.00
S28,risk_high,2026-05-23 16:38,85.00
S30,risk_high,2026-07-06 09:57,78.33
S25,risk_high,2026-06-08 09:15,88.33
S16,risk_high,2026-06-09 09:56,100.00
S21,risk_high,2026-09-15 08:43,93.33
S23,risk_high,2026-07-14 09:12,85.00
S06,risk_medium,2026-06-09 09:18,96.67
S35,risk_medium,2026-05-18 10:44,83.33
S12,risk_high,2026-05-25 08:40,98.33
S21,risk_high,2026-08-10 08:37,93.33
S21,risk_high,2026-07-13 09:02,93.33
S14,risk_high,2026-09-08 08:36,85.00
S30,risk_high,2026-06-08 09:23,78.33
S02,risk_high,2026-05-25 08:31,95.00
S22,risk_medium,2026-09-22 08:46,88.33
S30,risk_high,2026-09-22 08:49,78.33
S17,risk_high,2026-06-21 12:10,88.33
S03,risk_high,2026-08-17 08:43,76.67
S25,risk_high,2026-07-14 09:21,88.33
S05,risk_medium,2026-09-25 20:40,95.00
S05,risk_high,2026-05-23 21:32,95.00
S06,risk_high,2026-06-29 09:48,96.67
S24,risk_high,2026-05-25 20:51,85.00
S15,risk_high,2026-06-22 09:54,91.67
S10,risk_high,2026-05-29 07:41,80.00
S26,risk_high,2026-08-18 09:15,95.00
S04,risk_high,2026-05-25 08:41,80.00
S13,risk_high,2026-06-09 09:30,90.00
S26,risk_high,2026-06-22 09:04,95.00
S25,risk_medium,2026-05-25 09:38,88.33
S01,risk_high,2026-05-23 13:52,95.00
S10,risk_high,2026-05-29 23:09,80.00
S30,risk_high,2026-06-08 09:29,78.33
S32,risk_high,2026-09-25 22:13,91.67
S17,risk_high,2026-05-21 19:41,88.33
S27,risk_medium,2026-05-23 08:25,75.00
S05,risk_high,2026-05-25 08:58,95.00
S21,risk_high,2026-05-19 09:22,93.33
S04,risk_high,2026-05-26 09:31,80.00
S04,risk_high,2026-06-29 08:58,80.00
S34,risk_high,2026-05-23 18:39,86.67
S02,risk_high,2026-05-23 14:32,95.00
S17,risk_high,2026-07-13 00:45,88.33
S16,risk_high,2026-06-08 09:17,100.00
S13,risk_high,2026-09-15 08:41,90.00
S22,risk_medium,2026-09-15 08:49,88.33
S02,risk_high,2026-05-23 21:51,95.00
S28,risk_high,2026-05-23 16:52,85.00
S10,risk_high,2026-06-27 21:51,80.00
S13,risk_high,2026-06-09 09:06,90.00
S31,risk_medium,2026-05-19 10:16,91.67
S21,risk_high,2026-06-29 09:43,93.33
S29,risk_high,2026-08-24 08:44,96.67
S16,risk_high,2026-09-07 08:34,100.00
S20,risk_high,2026-08-10 09:06,91.67
S13,risk_high,2026-05-23 14:04,90.00
S11,risk_high,2026-05-24 10:12,88.33
S07,risk_high,2026-07-12 23:18,96.67
S16,risk_high,2026-08-25 08:58,100.00
S05,risk_high,2026-05-19 08:49,95.00
S19,risk_high,2026-05-19 09:00,86.67
S33,risk_high,2026-06-22 09:57,85.00
S18,risk_high,2026-08-25 08:57,98.33
S12,risk_high,2026-05-26 09:23,98.33
S22,risk_high,2026-05-19 08:39,88.33
S19,risk_high,2026-05-18 10:44,86.67
S22,risk_high,2026-05-19 08:54,88.33
S33,risk_high,2026-07-13 09:32,85.00
S21,risk_high,2026-08-24 08:41,93.33
S15,risk_medium,2026-05-18 09:59,91.67
S32,risk_high,2026-09-25 22:30,91.67
S30,risk_high,2026-09-26 15:49,78.33
S09,risk_high,2026-08-19 12:38,88.33
S35,risk_high,2026-06-09 09:31,83.33
S32,risk_high,2026-05-23 21:04,91.67
S21,risk_high,2026-05-19 08:43,93.33
S02,risk_high,2026-06-13 16:47,95.00
S21,risk_high,2026-05-23 20:59,93.33
S30,risk_high,2026-05-25 08:28,78.33
S10,risk_high,2026-09-22 08:45,80.00
S17,risk_high,2026-05-21 19:38,88.33
S05,risk_high,2026-05-19 09:21,95.00
S04,risk_high,2026-06-29 08:59,80.00
S17,risk_high,2026-06-09 09:53,88.33
S21,risk_high,2026-07-13 08:39,93.33
S13,risk_medium,2026-08-11 08:37,90.00
S30,risk_high,2026-05-25 10:02,78.33
S02,risk_high,2026-05-25 08:55,95.00
S21,risk_high,2026-06-23 08:42,93.33
S21,risk_high,2026-05-26 22:01,93.33
S07,risk_high,2026-07-13 08:44,96.67
S02,risk_high,2026-05-23 21:56,95.00
S32,risk_high,2026-06-09 09:21,91.67
S29,risk_high,2026-05-19 09:29,96.67
S33,risk_high,2026-05-23 18:22,85.00
S22,risk_medium,2026-09-22 09:37,88.33
S24,risk_high,2026-05-25 08:53,85.00
S08,risk_high,2026-06-22 09:27,91.67
S21,risk_high,2026-07-14 09:10,93.33
S27,risk_high,2026-07-13 09:16,75.00
S35,risk_high,2026-05-26 08:50,83.33
S17,risk_high,2026-06-13 15:14,88.33
S10,risk_high,2026-07-06 08:58,80.00
S17,risk_medium,2026-06-09 09:35,88.33
S32,risk_high,2026-08-18 20:50,91.67
S14,risk_high,2026-06-22 09:08,85.00
S05,risk_high,2026-09-01 08:42,95.00
S04,risk_high,2026-07-13 08:46,80.00
S14,risk_high,2026-07-13 08:29,85.00
S28,risk_high,2026-06-22 08:33,85.00
S27,risk_high,2026-07-13 09:14,75.00
S02,risk_high,2026-05-23 21:32,95.00
S02,risk_high,2026-06-29 09:46,95.00
S19,risk_high,2026-09-22 08:44,86.67
S05,risk_high,2026-07-14 09:10,95.00
S31,risk_high,2026-06-09 09:23,91.67
S30,risk_high,2026-05-25 09:41,78.33
S04,risk_high,2026-09-26 15:41,80.00
S31,risk_medium,2026-05-23 13:17,91.67
S24,risk_high,2026-07-13 09:00,85.00
S22,risk_high,2026-05-23 19:26,88.33
S21,risk_high,2026-06-06 09:08,93.33
S21,risk_high,2026-05-25 09:11,93.33
S02,risk_high,2026-05-23 21:32,95.00
S22,risk_high,2026-06-08 08:35,88.33
S06,risk_high,2026-07-06 08:56,96.67
S02,risk_high,2026-06-13 16:15,95.00
S20,risk_high,2026-09-25 10:55,91.67
S31,risk_high,2026-08-24 08:44,91.67
S21,risk_high,2026-05-23 21:10,93.33
S21,risk_high,2026-05-23 14:18,93.33
S31,risk_medium,2026-05-23 13:51,91.67
S31,risk_high,2026-07-06 09:14,91.67
S31,risk_medium,2026-09-22 08:55,91.67
S29,risk_high,2026-07-06 09:00,96.67
S34,risk_high,2026-09-20 19:11,86.67
S33,risk_high,2026-05-25 09:23,85.00
S02,risk_high,2026-06-29 09:48,95.00
S30,risk_high,2026-06-08 09:27,78.33
S14,risk_high,2026-05-26 08:46,85.00
S07,risk_high,2026-06-02 10:18,96.67
S09,risk_high,2026-05-25 09:17,88.33
S02,risk_high,2026-05-23 21:32,95.00
S18,risk_high,2026-08-11 07:37,98.33
S16,risk_high,2026-09-01 08:55,100.00
S33,risk_high,2026-09-25 21:21,85.00
S11,risk_high,2026-06-07 21:11,88.33
S31,risk_high,2026-05-23 14:14,91.67
S21,risk_high,2026-05-19 09:34,93.33
S01,risk_high,2026-05-19 20:38,95.00
S18,risk_high,2026-06-22 09:19,98.33
S29,risk_high,2026-05-26 09:41,96.67
S16,risk_high,2026-08-11 08:37,100.00
S13,risk_high,2026-09-25 21:34,90.00
S33,risk_high,2026-06-09 09:17,85.00
S19,risk_high,2026-05-22 11:05,86.67
S01,risk_high,2026-05-19 10:22,95.00
S32,risk_high,2026-08-17 09:29,91.67
S30,risk_high,2026-06-08 09:23,78.33
S12,risk_high,2026-05-24 13:44,98.33
S19,risk_high,2026-06-08 09:00,86.67
S21,risk_high,2026-05-19 09:22,93.33
S11,risk_medium,2026-05-19 20:56,88.33
S24,risk_high,2026-07-13 09:08,85.00
S02,risk_high,2026-05-22 09:35,95.00
S29,risk_high,2026-05-19 09:34,96.67
S26,risk_high,2026-07-13 09:18,95.00
S02,risk_high,2026-05-23 21:31,95.00
S27,risk_medium,2026-05-19 20:16,75.00
S10,risk_high,2026-07-06 09:26,80.00
S28,risk_high,2026-06-22 08:47,85.00
S21,risk_high,2026-06-08 08:35,93.33
S26,risk_high,2026-06-22 09:25,95.00
S30,risk_high,2026-05-18 09:53,78.33
S12,risk_high,2026-05-23 16:51,98.33
S35,risk_high,2026-07-06 08:55,83.33
S26,risk_high,2026-09-07 08:30,95.00
S34,risk_high,2026-09-20 19:10,86.67
S18,risk_high,2026-06-09 08:50,98.33
S10,risk_high,2026-07-06 08:57,80.00
S02,risk_high,2026-05-23 21:47,95.00
S32,risk_high,2026-05-25 09:02,91.67
S24,risk_high,2026-09-08 08:33,85.00
S19,risk_high,2026-05-19 08:46,86.67
S02,risk_high,2026-05-21 20:51,95.00
S18,risk_high,2026-05-26 10:03,98.33
S26,risk_high,2026-06-22 09:25,95.00
S17,risk_high,2026-05-19 09:35,88.33
S02,risk_high,2026-06-08 02:58,95.00
S19,risk_high,2026-09-26 15:25,86.67
S25,risk_high,2026-09-22 08:54,88.33
S03,risk_high,2026-07-14 09:32,76.67
S24,risk_high,2026-08-10 08:47,85.00
S20,risk_high,2026-08-04 08:57,91.67
S30,risk_medium,2026-07-13 09:59,78.33
S22,risk_high,2026-05-25 08:48,88.33
S26,risk_high,2026-09-15 08:44,95.00
S21,risk_high,2026-08-10 09:05,93.33
S24,risk_high,2026-05-23 18:13,85.00
S29,risk_high,2026-09-22 09:41,96.67
S19,risk_high,2026-07-13 09:06,86.67
S09,risk_high,2026-05-25 08:34,88.33
S15,risk_medium,2026-05-19 07:44,91.67
S21,risk_high,2026-05-18 11:01,93.33
S05,risk_high,2026-08-18 09:17,95.00
S05,risk_high,2026-08-24 08:41,95.00
S09,risk_high,2026-08-19 12:36,88.33
S02,risk_high,2026-05-23 14:21,95.00
S35,risk_high,2026-08-17 08:43,83.33
S18,risk_high,2026-06-29 10:04,98.33
S19,risk_high,2026-05-23 13:46,86.67
S29,risk_high,2026-05-26 09:30,96.67
S09,risk_high,2026-08-19 12:37,88.33
S05,risk_high,2026-08-11 08:40,95.00
S29,risk_high,2026-07-13 08:43,96.67
S04,risk_medium,2026-07-13 08:56,80.00
S33,risk_high,2026-05-23 21:45,85.00
S01,risk_high,2026-05-23 21:32,95.00
S22,risk_high,2026-06-22 08:24,88.33
S26,risk_high,2026-06-08 09:00,95.00
S30,risk_high,2026-05-26 22:40,78.33
S17,risk_high,2026-08-05 19:32,88.33
S16,risk_high,2026-05-18 10:09,100.00
S13,risk_medium,2026-07-14 08:47,90.00
S04,risk_medium,2026-05-19 08:36,80.00
S21,risk_high,2026-05-25 08:35,93.33
S12,risk_high,2026-06-09 08:40,98.33
S22,risk_high,2026-05-21 20:16,88.33
S08,risk_high,2026-07-14 09:11,91.67
S14,risk_high,2026-07-14 09:00,85.00
S12,risk_high,2026-05-24 13:24,98.33
S04,risk_high,2026-07-06 08:55,80.00
S31,risk_high,2026-05-23 16:46,91.67
S19,risk_high,2026-09-08 08:45,86.67
S31,risk_medium,2026-05-19 10:17,91.67
S13,risk_high,2026-05-26 08:34,90.00
S33,risk_high,2026-09-25 21:58,85.00
S15,risk_medium,2026-05-19 07:44,91.67
S34,risk_high,2026-09-24 14:04,86.67
S30,risk_high,2026-06-09 08:48,78.33
S19,risk_high,2026-05-18 10:47,86.67
S13,risk_high,2026-08-31 08:35,90.00
S14,risk_high,2026-08-21 20:46,85.00
S30,risk_high,2026-05-18 09:54,78.33
S10,risk_high,2026-06-09 09:58,80.00
S33,risk_high,2026-08-10 08:39,85.00
S31,risk_high,2026-05-25 10:01,91.67
S17,risk_high,2026-06-12 19:36,88.33
S16,risk_high,2026-07-06 08:50,100.00
S04,risk_high,2026-09-22 09:38,80.00
S12,risk_high,2026-09-21 14:26,98.33
S19,risk_high,2026-05-23 13:56,86.67
S34,risk_high,2026-06-21 12:58,86.67
S10,risk_high,2026-06-27 21:14,80.00
S35,risk_high,2026-06-08 09:25,83.33
S21,risk_high,2026-05-23 19:46,93.33
S27,risk_high,2026-05-25 08:32,75.00
S14,risk_high,2026-05-22 07:05,85.00
S07,risk_high,2026-08-10 08:48,96.67
S14,risk_medium,2026-05-21 20:50,85.00
S02,risk_high,2026-05-23 21:54,95.00
S05,risk_high,2026-05-19 10:14,95.00
S11,risk_medium,2026-05-19 10:20,88.33
S32,risk_high,2026-05-25 09:36,91.67
S04,risk_high,2026-05-22 12:50,80.00
S22,risk_high,2026-05-23 19:36,88.33
S10,risk_high,2026-05-30 10:17,80.00
S23,risk_high,2026-08-22 14:54,85.00
S15,risk_high,2026-06-29 10:04,91.67
S22,risk_high,2026-05-21 20:00,88.33
S17,risk_high,2026-06-13 13:44,88.33
S07,risk_high,2026-08-18 09:19,96.67
S08,risk_high,2026-07-13 08:37,91.67
S17,risk_high,2026-08-08 15:45,88.33
S02,risk_high,2026-05-25 09:36,95.00
S30,risk_medium,2026-07-14 09:13,78.33
S12,risk_high,2026-08-21 22:02,98.33
S11,risk_medium,2026-05-22 20:36,88.33
S14,risk_high,2026-08-31 08:31,85.00
S14,risk_high,2026-08-24 08:44,85.00
S23,risk_high,2026-06-08 09:00,85.00
S29,risk_high,2026-05-26 09:46,96.67
S02,risk_high,2026-05-23 21:54,95.00
S12,risk_high,2026-06-08 08:47,98.33
S13,risk_high,2026-09-22 09:56,90.00
S09,risk_high,2026-09-25 15:27,88.33
S28,risk_high,2026-05-23 16:41,85.00
S28,risk_high,2026-07-13 09:08,85.00
S21,risk_high,2026-09-07 08:41,93.33
S07,risk_high,2026-08-18 09:18,96.67
S27,risk_medium,2026-05-20 08:50,75.00
S10,risk_high,2026-08-05 12:27,80.00
S10,risk_high,2026-06-27 21:36,80.00
S10,risk_high,2026-05-29 07:52,80.00
S33,risk_high,2026-05-25 08:59,85.00
S33,risk_high,2026-09-25 22:38,85.00
S10,risk_high,2026-05-30 00:43,80.00
S17,risk_high,2026-08-15 18:39,88.33
S31,risk_medium,2026-09-22 08:56,91.67
S20,risk_high,2026-06-09 09:15,91.67
S05,risk_high,2026-05-22 10:41,95.00
S10,risk_high,2026-06-09 09:19,80.00
S20,risk_high,2026-06-22 09:23,91.67
S27,risk_high,2026-09-07 08:45,75.00
S16,risk_high,2026-08-18 08:37,100.00
S24,risk_high,2026-05-25 22:37,85.00
S26,risk_high,2026-06-29 09:08,95.00
S01,risk_high,2026-05-19 10:13,95.00
S26,risk_medium,2026-05-19 09:34,95.00
S34,risk_high,2026-06-21 12:57,86.67
S14,risk_high,2026-09-22 08:49,85.00
S35,risk_high,2026-06-23 08:53,83.33
S20,risk_high,2026-05-19 09:35,91.67
S07,risk_high,2026-08-26 22:54,96.67
S11,risk_medium,2026-05-22 20:41,88.33
S35,risk_high,2026-09-25 18:55,83.33
S04,risk_high,2026-06-08 09:26,80.00
S06,risk_high,2026-09-22 09:38,96.67
S04,risk_medium,2026-05-23 18:15,80.00
S21,risk_high,2026-06-06 08:20,93.33
S27,risk_medium,2026-05-19 18:01,75.00
S27,risk_high,2026-05-23 23:35,75.00
S16,risk_high,2026-09-08 08:35,100.00
S07,risk_high,2026-06-02 10:13,96.67
S35,risk_high,2026-06-09 08:44,83.33
S21,risk_high,2026-05-19 09:26,93.33
S10,risk_high,2026-07-13 09:08,80.00
S02,risk_high,2026-05-23 22:20,95.00
S32,risk_high,2026-09-25 22:27,91.67
S27,risk_high,2026-08-10 11:56,75.00
S15,risk_high,2026-06-23 08:43,91.67
S14,risk_high,2026-08-21 22:30,85.00
S33,risk_high,2026-05-25 08:33,85.00
S16,risk_high,2026-05-18 10:08,100.00
S05,risk_high,2026-05-23 21:41,95.00
S08,risk_high,2026-08-12 11:33,91.67
S12,risk_high,2026-09-26 13:58,98.33
S29,risk_high,2026-06-09 09:28,96.67
S22,risk_high,2026-05-23 21:29,88.33
S24,risk_high,2026-07-13 08:41,85.00
S31,risk_high,2026-06-08 09:16,91.67
S18,risk_high,2026-08-04 08:56,98.33
S27,risk_high,2026-06-22 08:52,75.00
S07,risk_high,2026-07-06 08:59,96.67
S19,risk_high,2026-09-22 08:29,86.67
S01,risk_high,2026-05-23 20:44,95.00
S33,risk_high,2026-06-08 08:50,85.00
S21,risk_high,2026-05-25 08:33,93.33
S31,risk_medium,2026-05-26 09:26,91.67
S23,risk_high,2026-08-22 13:27,85.00
S19,risk_high,2026-06-08 09:04,86.67
S13,risk_high,2026-06-22 08:55,90.00
S02,risk_high,2026-05-25 09:18,95.00
S13,risk_high,2026-05-25 09:07,90.00
S06,risk_high,2026-06-09 09:41,96.67
S05,risk_high,2026-06-22 08:48,95.00
S26,risk_medium,2026-05-22 11:08,95.00
S33,risk_high,2026-08-30 21:02,85.00
S32,risk_high,2026-08-24 08:36,91.67
S31,risk_high,2026-05-23 14:11,91.67
S33,risk_high,2026-06-09 09:26,85.00
S34,risk_high,2026-09-24 14:03,86.67
S21,risk_high,2026-05-23 21:10,93.33
S04,risk_high,2026-06-09 08:35,80.00
S30,risk_high,2026-08-10 09:11,78.33
S16,risk_high,2026-09-07 08:33,100.00
S27,risk_high,2026-05-23 19:55,75.00
S24,risk_high,2026-09-08 08:45,85.00
S14,risk_high,2026-08-10 08:36,85.00
S26,risk_high,2026-08-11 08:36,95.00
S35,risk_medium,2026-06-09 09:10,83.33
S12,risk_high,2026-07-13 08:28,98.33
S31,risk_high,2026-07-13 09:13,91.67
S04,risk_high,2026-05-26 09:01,80.00
S27,risk_high,2026-05-25 09:36,75.00
S27,risk_high,2026-06-08 09:40,75.00
S27,risk_high,2026-06-29 09:47,75.00
S20,risk_high,2026-07-06 09:49,91.67
S12,risk_medium,2026-05-22 11:08,98.33
S34,risk_high,2026-08-22 20:55,86.67
S04,risk_high,2026-06-09 08:35,80.00
S32,risk_high,2026-09-25 22:30,91.67
S21,risk_high,2026-05-26 08:42,93.33
S06,risk_high,2026-06-29 09:45,96.67
S12,risk_high,2026-05-28 17:48,98.33
S04,risk_high,2026-05-26 09:34,80.00
S32,risk_high,2026-06-09 08:45,91.67
S26,risk_high,2026-09-22 09:39,95.00
S21,risk_high,2026-07-06 08:48,93.33
S32,risk_high,2026-09-25 22:10,91.67
S21,risk_high,2026-05-19 09:22,93.33
S10,risk_high,2026-06-27 21:35,80.00
S02,risk_high,2026-05-23 21:35,95.00
S02,risk_high,2026-06-09 09:36,95.00
S33,risk_high,2026-08-25 08:47,85.00
S03,risk_high,2026-08-18 09:20,76.67
S19,risk_high,2026-05-18 11:01,86.67
S26,risk_high,2026-05-25 09:42,95.00
S06,risk_high,2026-09-07 08:31,96.67
S35,risk_high,2026-09-25 22:14,83.33
S10,risk_high,2026-06-09 08:54,80.00
S13,risk_high,2026-05-25 09:36,90.00
S21,risk_high,2026-05-23 21:10,93.33
S19,risk_high,2026-06-09 08:32,86.67
S14,risk_high,2026-05-22 07:28,85.00
S14,risk_high,2026-09-25 18:56,85.00
S05,risk_medium,2026-05-18 09:51,95.00
S17,risk_high,2026-08-15 18:49,88.33
S31,risk_high,2026-06-09 09:30,91.67
S30,risk_high,2026-05-26 22:17,78.33
S19,risk_high,2026-09-22 10:00,86.67
S20,risk_high,2026-06-22 09:22,91.67
S17,risk_high,2026-06-09 09:57,88.33
S10,risk_high,2026-05-29 20:13,80.00
S33,risk_high,2026-06-09 08:48,85.00
S18,risk_high,2026-05-29 07:34,98.33
S21,risk_high,2026-05-23 14:07,93.33
S17,risk_high,2026-08-16 23:36,88.33
S33,risk_high,2026-05-23 21:45,85.00
S32,risk_medium,2026-09-15 08:51,91.67
S02,risk_high,2026-05-23 18:01,95.00
S19,risk_high,2026-06-29 09:47,86.67
S22,risk_high,2026-06-08 08:41,88.33
S06,risk_high,2026-08-17 08:42,96.67
S16,risk_high,2026-05-18 10:08,100.00
S24,risk_high,2026-07-13 09:14,85.00
S14,risk_high,2026-08-18 09:14,85.00
S27,risk_high,2026-06-09 08:36,75.00
S21,risk_high,2026-08-10 09:00,93.33
S33,risk_high,2026-08-24 08:36,85.00
S34,risk_high,2026-06-21 12:57,86.67
S19,risk_high,2026-05-23 13:54,86.67
S21,risk_high,2026-05-23 14:07,93.33
S19,risk_high,2026-05-25 09:41,86.67
S35,risk_high,2026-08-10 08:50,83.33
S17,risk_high,2026-08-08 15:23,88.33
S30,risk_medium,2026-07-14 09:14,78.33
S02,risk_high,2026-05-21 21:10,95.00
S25,risk_high,2026-07-13 09:18,88.33
S13,risk_high,2026-09-22 08:45,90.00
S31,risk_high,2026-05-23 14:13,91.67
S32,risk_high,2026-05-18 10:44,91.67
S16,risk_high,2026-08-10 08:38,100.00
S01,risk_high,2026-05-18 09:51,95.00
S14,risk_medium,2026-05-21 07:03,85.00
S05,risk_high,2026-05-19 09:35,95.00
S12,risk_high,2026-09-07 21:26,98.33
S35,risk_high,2026-09-25 18:56,83.33
S07,risk_high,2026-07-12 23:16,96.67
S09,risk_high,2026-06-09 09:05,88.33
S32,risk_high,2026-06-30 23:11,91.67
S13,risk_high,2026-05-26 08:40,90.00
S11,risk_high,2026-05-25 08:32,88.33
S24,risk_high,2026-05-25 09:39,85.00
S21,risk_high,2026-07-12 23:11,93.33
S34,risk_high,2026-05-25 08:21,86.67
S08,risk_high,2026-07-14 09:54,91.67
S30,risk_high,2026-07-06 09:53,78.33
S13,risk_high,2026-05-25 08:32,90.00
S27,risk_high,2026-06-08 09:03,75.00
S06,risk_high,2026-08-25 08:57,96.67
S02,risk_high,2026-05-21 21:22,95.00
S04,risk_medium,2026-07-13 08:55,80.00
S32,risk_high,2026-09-08 08:42,91.67
S24,risk_high,2026-08-11 08:40,85.00
S28,risk_high,2026-09-26 15:35,85.00
S15,risk_medium,2026-06-09 09:20,91.67
S17,risk_high,2026-09-07 08:35,88.33
S19,risk_high,2026-05-25 09:19,86.67
S12,risk_high,2026-07-05 21:05,98.33
S27,risk_high,2026-05-25 08:45,75.00
S20,risk_high,2026-07-13 09:14,91.67
S09,risk_high,2026-05-25 09:41,88.33
S16,risk_high,2026-06-08 09:55,100.00
S04,risk_high,2026-05-25 09:40,80.00
S21,risk_high,2026-06-09 08:39,93.33
S16,risk_high,2026-09-01 09:42,100.00
S16,risk_high,2026-09-14 09:40,100.00
S10,risk_high,2026-05-30 12:07,80.00
S32,risk_high,2026-07-13 09:25,91.67
S26,risk_high,2026-05-25 09:35,95.00
S13,risk_high,2026-05-25 09:35,90.00
S17,risk_high,2026-08-08 15:26,88.33
S02,risk_high,2026-05-23 22:05,95.00
S14,risk_high,2026-05-22 08:00,85.00
S32,risk_high,2026-06-09 09:13,91.67
S25,risk_high,2026-07-06 09:12,88.33
S16,risk_high,2026-06-08 09:56,100.00
S18,risk_high,2026-06-29 08:51,98.33
S02,risk_medium,2026-05-21 18:18,95.00
S15,risk_high,2026-06-29 08:50,91.67
S27,risk_high,2026-05-25 08:37,75.00
S29,risk_medium,2026-05-18 10:34,96.67
S12,risk_high,2026-05-24 13:43,98.33
S05,risk_high,2026-05-25 09:38,95.00
S22,risk_high,2026-05-25 08:33,88.33
S27,risk_high,2026-06-22 08:19,75.00
S04,risk_high,2026-05-25 08:54,80.00
S12,risk_high,2026-05-26 07:48,98.33
S16,risk_high,2026-06-08 09:56,100.00
S09,risk_high,2026-05-26 09:36,88.33
S06,risk_high,2026-08-31 08:34,96.67
S06,risk_high,2026-09-22 09:51,96.67
S04,risk_high,2026-05-26 08:30,80.00
S20,risk_high,2026-09-08 08:42,91.67
S05,risk_high,2026-08-25 09:04,95.00
S15,risk_medium,2026-05-18 09:58,91.67
S32,risk_high,2026-09-25 21:40,91.67
S07,risk_high,2026-09-25 21:37,96.67
S23,risk_high,2026-06-08 08:58,85.00
S34,risk_high,2026-09-24 13:27,86.67
S13,risk_high,2026-06-09 08:45,90.00
S17,risk_high,2026-08-08 15:29,88.33
S10,risk_high,2026-06-27 21:13,80.00
S24,risk_high,2026-08-24 08:41,85.00
S12,risk_high,2026-06-22 09:23,98.33
S34,risk_high,2026-06-21 12:57,86.67
S32,risk_high,2026-06-09 09:08,91.67
S02,risk_high,2026-05-26 08:50,95.00
S30,risk_high,2026-07-14 09:34,78.33
S01,risk_high,2026-05-18 09:43,95.00
S05,risk_high,2026-07-06 08:54,95.00
S16,risk_high,2026-09-01 08:53,100.00
S16,risk_high,2026-06-09 08:48,100.00
S04,risk_high,2026-05-25 09:38,80.00
S18,risk_high,2026-08-10 08:44,98.33
S16,risk_high,2026-07-01 12:02,100.00
S21,risk_high,2026-05-23 14:19,93.33
S32,risk_high,2026-05-19 10:03,91.67
S12,risk_high,2026-05-24 12:35,98.33
S08,risk_high,2026-07-05 07:38,91.67
S17,risk_high,2026-06-09 09:53,88.33
S14,risk_high,2026-05-23 11:40,85.00
S17,risk_high,2026-07-13 00:45,88.33
S10,risk_high,2026-05-30 11:10,80.00
S21,risk_high,2026-09-07 08:53,93.33
S10,risk_high,2026-06-02 21:38,80.00
S29,risk_high,2026-08-31 08:21,96.67
S18,risk_high,2026-08-24 08:42,98.33
S33,risk_high,2026-09-07 08:23,85.00
S19,risk_high,2026-06-08 09:47,86.67
S24,risk_high,2026-05-25 08:55,85.00
S31,risk_high,2026-05-23 14:15,91.67
S15,risk_high,2026-07-14 08:52,91.67
S32,risk_high,2026-09-25 22:35,91.67
S04,risk_medium,2026-05-18 09:22,80.00
S23,risk_high,2026-07-06 09:51,85.00
S15,risk_high,2026-06-29 09:37,91.67
S29,risk_high,2026-05-19 09:35,96.67
S11,risk_high,2026-05-30 14:03,88.33
S12,risk_high,2026-07-06 16:11,98.33
S16,risk_high,2026-08-04 08:55,100.00
S35,risk_high,2026-06-29 10:00,83.33
S18,risk_high,2026-05-23 20:37,98.33
S16,risk_high,2026-09-07 08:34,100.00
S10,risk_high,2026-07-05 21:14,80.00
S21,risk_high,2026-05-26 21:24,93.33
S25,risk_high,2026-06-29 09:47,88.33
S32,risk_high,2026-06-09 09:38,91.67
S21,risk_high,2026-06-08 08:37,93.33
S31,risk_high,2026-09-08 08:42,91.67
S31,risk_medium,2026-09-22 08:56,91.67
S26,risk_high,2026-07-13 09:18,95.00
S31,risk_medium,2026-05-19 10:16,91.67
S16,risk_high,2026-08-24 08:46,100.00
S03,risk_high,2026-09-26 16:11,76.67
S32,risk_high,2026-09-25 22:06,91.67
S04,risk_high,2026-06-09 09:02,80.00
S02,risk_high,2026-05-23 21:49,95.00
S26,risk_high,2026-09-22 08:46,95.00
S08,risk_high,2026-06-23 08:44,91.67
S30,risk_high,2026-08-10 08:48,78.33
S05,risk_high,2026-09-08 08:41,95.00
S01,risk_high,2026-05-23 20:47,95.00
S10,risk_high,2026-06-21 19:51,80.00
S06,risk_high,2026-09-08 08:41,96.67
S04,risk_high,2026-06-22 08:51,80.00
S05,risk_medium,2026-05-18 09:32,95.00
S06,risk_high,2026-08-17 08:36,96.67
S17,risk_high,2026-07-13 09:10,88.33
S24,risk_high,2026-09-08 08:41,85.00
S02,risk_high,2026-05-21 20:33,95.00
S24,risk_high,2026-09-22 08:35,85.00
S04,risk_medium,2026-05-22 07:31,80.00
S34,risk_high,2026-08-22 20:53,86.67
S21,risk_high,2026-09-01 10:00,93.33
S16,risk_high,2026-07-13 09:00,100.00
S31,risk_high,2026-06-09 09:15,91.67
S05,risk_high,2026-05-28 08:02,95.00
S21,risk_high,2026-05-23 22:07,93.33
S04,risk_high,2026-05-25 08:53,80.00
S22,risk_medium,2026-08-18 09:15,88.33
S34,risk_high,2026-06-21 12:59,86.67
S35,risk_high,2026-05-26 09:14,83.33
S18,risk_high,2026-07-13 08:58,98.33
S05,risk_high,2026-05-23 21:34,95.00
S17,risk_high,2026-07-12 20:28,88.33
S07,risk_high,2026-07-06 09:59,96.67
S29,risk_high,2026-09-07 08:37,96.67
S26,risk_high,2026-05-25 08:31,95.00
S31,risk_high,2026-05-23 14:13,91.67
S35,risk_high,2026-05-26 09:28,83.33
S12,risk_high,2026-09-22 09:46,98.33
S21,risk_high,2026-05-23 13:54,93.33
S24,risk_high,2026-05-25 08:59,85.00
S07,risk_high,2026-06-08 08:30,96.67
S30,risk_high,2026-07-13 09:07,78.33
S04,risk_high,2026-09-22 09:37,80.00
S35,risk_high,2026-07-14 09:22,83.33
S34,risk_high,2026-09-20 19:09,86.67
S32,risk_high,2026-05-23 19:14,91.67
S32,risk_high,2026-05-25 08:46,91.67
S29,risk_high,2026-05-19 09:39,96.67
S11,risk_medium,2026-05-22 21:06,88.33
S21,risk_high,2026-05-25 08:53,93.33
S23,risk_high,2026-06-09 09:24,85.00
S29,risk_medium,2026-05-18 10:36,96.67
S04,risk_medium,2026-05-19 08:42,80.00
S33,risk_high,2026-09-24 13:47,85.00
S13,risk_high,2026-09-25 21:34,90.00
S29,risk_high,2026-05-23 21:28,96.67
S31,risk_high,2026-05-26 08:56,91.67
S34,risk_high,2026-09-20 19:09,86.67
S26,risk_high,2026-09-14 08:28,95.00
S22,risk_high,2026-05-19 08:40,88.33
S17,risk_high,2026-05-19 09:34,88.33
S33,risk_high,2026-06-22 09:23,85.00
S29,risk_medium,2026-05-18 10:33,96.67
S14,risk_high,2026-05-22 11:08,85.00
S06,risk_high,2026-09-25 21:15,96.67
S23,risk_high,2026-07-13 08:41,85.00
S29,risk_high,2026-07-14 09:19,96.67
S21,risk_high,2026-08-25 08:54,93.33
S19,risk_high,2026-07-13 09:05,86.67
S22,risk_high,2026-05-18 10:21,88.33
S32,risk_high,2026-09-25 22:06,91.67
S27,risk_high,2026-07-06 08:59,75.00
S35,risk_high,2026-08-10 08:49,83.33
S04,risk_medium,2026-05-22 11:05,80.00
S17,risk_high,2026-08-08 15:27,88.33
S03,risk_high,2026-08-17 08:41,76.67
S32,risk_high,2026-07-13 09:06,91.67
S01,risk_high,2026-05-23 21:36,95.00
S21,risk_high,2026-06-08 14:37,93.33
S09,risk_high,2026-05-26 09:36,88.33
S33,risk_high,2026-09-25 22:37,85.00
S17,risk_high,2026-08-04 19:03,88.33
S16,risk_high,2026-06-08 09:56,100.00
S12,risk_high,2026-08-24 08:42,98.33
S08,risk_high,2026-08-10 08:50,91.67
S04,risk_high,2026-05-26 09:42,80.00
S11,risk_high,2026-06-06 15:14,88.33
S31,risk_high,2026-05-23 15:20,91.67
S27,risk_high,2026-05-26 08:47,75.00
S10,risk_high,2026-05-30 19:11,80.00
S12,risk_high,2026-09-21 14:27,98.33
S19,risk_high,2026-09-26 15:23,86.67
S02,risk_high,2026-06-22 08:49,95.00
S19,risk_high,2026-05-18 10:46,86.67
S05,risk_high,2026-05-26 09:08,95.00
S22,risk_high,2026-05-19 08:53,88.33
S21,risk_high,2026-05-19 05:06,93.33
S29,risk_high,2026-08-11 08:40,96.67
S19,risk_high,2026-05-19 09:33,86.67
S06,risk_high,2026-09-07 08:29,96.67
S05,risk_high,2026-06-09 08:50,95.00
S14,risk_high,2026-08-21 22:27,85.00
S33,risk_high,2026-05-25 10:00,85.00
S29,risk_high,2026-06-22 08:26,96.67
S03,risk_high,2026-08-17 08:43,76.67
S20,risk_high,2026-08-24 08:45,91.67
S04,risk_high,2026-09-25 19:05,80.00
S33,risk_high,2026-05-23 18:15,85.00
S04,risk_high,2026-05-25 08:41,80.00
S21,risk_high,2026-05-26 10:07,93.33
S12,risk_high,2026-06-27 20:44,98.33
S03,risk_high,2026-07-14 09:32,76.67
S24,risk_high,2026-05-25 09:00,85.00
S17,risk_high,2026-05-18 10:44,88.33
S31,risk_high,2026-06-09 08:51,91.67
S07,risk_high,2026-06-03 21:04,96.67
S01,risk_high,2026-05-21 08:28,95.00
S23,risk_high,2026-06-09 09:18,85.00
S23,risk_high,2026-08-10 08:45,85.00
S33,risk_high,2026-09-25 22:22,85.00
S09,risk_high,2026-05-31 20:20,88.33
S32,risk_high,2026-09-25 21:40,91.67
S19,risk_high,2026-07-14 08:56,86.67
S24,risk_high,2026-09-07 08:40,85.00
S13,risk_high,2026-06-09 09:57,90.00
S22,risk_high,2026-05-22 11:12,88.33
S29,risk_high,2026-09-08 08:43,96.67
S15,risk_high,2026-08-18 08:38,91.67
S04,risk_high,2026-05-22 14:01,80.00
S14,risk_high,2026-09-15 08:51,85.00
S10,risk_high,2026-09-24 13:30,80.00
S11,risk_high,2026-05-23 11:14,88.33
S32,risk_high,2026-06-08 09:17,91.67
S06,risk_high,2026-08-04 08:54,96.67
S14,risk_high,2026-09-25 21:02,85.00
S15,risk_high,2026-06-22 09:23,91.67
S01,risk_high,2026-05-23 21:01,95.00
S19,risk_high,2026-05-18 10:44,86.67
S17,risk_high,2026-06-13 15:08,88.33
S04,risk_medium,2026-09-15 08:45,80.00
S08,risk_high,2026-08-12 13:25,91.67
S17,risk_high,2026-05-19 09:17,88.33
S29,risk_high,2026-06-23 08:34,96.67
S22,risk_high,2026-06-09 08:41,88.33
S02,risk_high,2026-06-08 09:14,95.00
S05,risk_high,2026-09-07 08:36,95.00
S17,risk_high,2026-06-19 19:14,88.33
S18,risk_high,2026-07-06 08:53,98.33
S34,risk_high,2026-06-21 12:56,86.67
S20,risk_high,2026-07-06 08:58,91.67
S21,risk_high,2026-05-26 10:07,93.33
S21,risk_high,2026-09-22 08:46,93.33
S07,risk_high,2026-07-07 12:23,96.67
S06,risk_high,2026-07-13 09:00,96.67
S01,risk_high,2026-05-24 10:47,95.00
S29,risk_high,2026-08-10 08:56,96.67
S05,risk_high,2026-08-25 08:54,95.00
S32,risk_high,2026-06-08 09:45,91.67
S19,risk_high,2026-05-26 08:56,86.67
S10,risk_high,2026-06-09 09:33,80.00
S02,risk_high,2026-05-23 14:05,95.00
S21,risk_high,2026-09-15 21:48,93.33
S21,risk_high,2026-05-23 21:10,93.33
S32,risk_high,2026-07-13 08:59,91.67
S19,risk_high,2026-07-13 09:06,86.67
S32,risk_high,2026-09-25 22:27,91.67
S32,risk_high,2026-09-25 22:09,91.67
S10,risk_high,2026-05-30 16:38,80.00
S02,risk_high,2026-06-09 08:36,95.00
S32,risk_high,2026-05-19 10:04,91.67
S33,risk_high,2026-08-24 08:39,85.00
S22,risk_high,2026-05-25 08:35,88.33
S08,risk_medium,2026-08-24 08:43,91.67
S26,risk_high,2026-06-22 08:45,95.00
S14,risk_medium,2026-05-19 21:22,85.00
S13,risk_high,2026-06-09 09:36,90.00
S24,risk_high,2026-08-18 09:10,85.00
S15,risk_high,2026-07-13 08:30,91.67
S10,risk_high,2026-09-07 08:38,80.00
S33,risk_high,2026-05-23 21:19,85.00
S03,risk_high,2026-08-18 09:19,76.67
S30,risk_high,2026-05-26 08:55,78.33
S07,risk_high,2026-09-22 09:56,96.67
S12,risk_high,2026-07-14 08:45,98.33
S02,risk_medium,2026-05-18 10:44,95.00
S21,risk_high,2026-08-30 21:01,93.33
S19,risk_high,2026-07-13 09:05,86.67
S04,risk_high,2026-09-22 09:36,80.00
S12,risk_high,2026-09-07 21:26,98.33
S02,risk_medium,2026-05-21 19:22,95.00
S04,risk_high,2026-06-08 08:54,80.00
S14,risk_high,2026-07-06 08:50,85.00
S16,risk_high,2026-09-21 14:26,100.00
S13,risk_medium,2026-05-19 09:38,90.00
S19,risk_high,2026-05-25 09:40,86.67
S07,risk_high,2026-07-06 08:58,96.67
S07,risk_high,2026-08-10 08:44,96.67
S21,risk_high,2026-07-13 09:04,93.33
S30,risk_high,2026-05-26 22:33,78.33
S26,risk_high,2026-08-04 08:55,95.00
S26,risk_medium,2026-05-22 12:44,95.00
S05,risk_high,2026-05-23 21:33,95.00
S17,risk_high,2026-07-13 00:45,88.33
S33,risk_high,2026-05-23 20:08,85.00
S17,risk_high,2026-08-08 15:30,88.33
S08,risk_medium,2026-09-26 16:34,91.67
S27,risk_high,2026-05-25 09:36,75.00
S10,risk_high,2026-05-30 00:29,80.00
S25,risk_high,2026-06-08 08:57,88.33
S33,risk_high,2026-09-07 08:37,85.00
S04,risk_high,2026-06-23 09:01,80.00
S13,risk_medium,2026-07-13 19:22,90.00
S24,risk_high,2026-09-22 08:33,85.00
S01,risk_high,2026-05-25 08:48,95.00
S13,risk_high,2026-06-09 08:44,90.00
S12,risk_high,2026-05-24 13:32,98.33
S31,risk_high,2026-05-26 09:04,91.67
S32,risk_high,2026-09-25 22:37,91.67
S01,risk_medium,2026-05-26 07:56,95.00
S02,risk_high,2026-05-25 09:36,95.00
S23,risk_high,2026-06-08 09:04,85.00
S12,risk_high,2026-07-13 08:27,98.33
S09,risk_high,2026-06-27 21:02,88.33
S27,risk_high,2026-05-23 19:58,75.00
S21,risk_high,2026-05-25 08:55,93.33
S09,risk_high,2026-06-09 08:46,88.33
S05,risk_high,2026-07-14 09:18,95.00
S21,risk_high,2026-09-07 08:42,93.33
S31,risk_high,2026-05-23 14:09,91.67
S26,risk_medium,2026-05-22 12:58,95.00
S26,risk_high,2026-06-08 09:00,95.00
S19,risk_high,2026-05-19 09:13,86.67
S10,risk_high,2026-06-09 09:08,80.00
S15,risk_medium,2026-05-19 07:41,91.67
S21,risk_high,2026-05-25 20:39,93.33
S32,risk_high,2026-09-25 14:19,91.67
S04,risk_high,2026-05-25 09:39,80.00
S16,risk_high,2026-05-27 12:18,100.00
S05,risk_high,2026-07-06 02:08,95.00
S26,risk_high,2026-07-06 08:56,95.00
S29,risk_medium,2026-05-18 10:34,96.67
S02,risk_high,2026-06-13 16:15,95.00
S14,risk_high,2026-05-23 11:40,85.00
S16,risk_high,2026-06-08 09:16,100.00
S09,risk_high,2026-05-25 09:16,88.33
S20,risk_high,2026-06-21 23:00,91.67
S10,risk_high,2026-09-22 08:49,80.00