สัปดาห์ (เริ่มจันทร์),ผู้เรียนที่ใช้งาน,ส่งงาน,รันโค้ด,ทดสอบตัวอย่าง,ขอคำใบ้,ฝึกเอง (ข้อ),ผู้เรียนที่ฝึกเอง
2026-05-11,11,14,0,0,4,2,1
2026-05-18,35,796,0,0,39,19,3
2026-05-25,32,490,20,34,33,22,6
2026-06-01,4,13,30,24,3,3,1
2026-06-08,32,870,148,405,25,0,0
2026-06-15,3,19,0,13,4,0,0
2026-06-22,16,84,33,18,3,0,0
2026-06-29,6,31,19,33,0,2,1
2026-07-06,17,78,26,37,6,0,0
2026-07-13,23,248,25,95,14,0,0
2026-08-03,7,33,23,39,1,0,0
2026-08-10,15,82,31,111,4,0,0
2026-08-17,19,89,47,65,4,0,0
2026-08-24,15,70,8,25,0,0,0
2026-08-31,1,1,0,0,0,0,0
2026-09-07,33,201,77,130,0,0,0
2026-09-14,16,92,9,75,1,3,2
2026-09-21,36,354,45,274,40,204,13