S-code,จำนวนข้อ,ง่าย,ปานกลาง,ยาก,คะแนนรวม,จากคลังโจทย์,จาก AI (ระบุแหล่ง),ไม่ระบุแหล่ง (ก่อนเพิ่มฟีเจอร์)
S01,12,12,0,0,460,0,0,12
S04,20,12,2,6,440,3,3,14
S05,12,6,0,6,900,12,0,0
S08,2,2,0,0,0,0,0,2
S11,24,9,0,15,1271,24,0,0
S13,9,6,0,3,550,9,0,0
S14,11,2,4,5,715,9,0,2
S15,11,5,3,3,575,11,0,0
S17,16,8,0,8,1080,16,0,0
S18,24,7,3,14,760,0,0,24
S21,5,5,0,0,50,0,0,5
S22,9,4,0,5,180,0,6,3
S26,11,7,1,3,475,11,0,0
S30,11,0,0,11,480,0,0,11
S32,44,24,2,18,2358,37,7,0
S33,12,0,1,11,1075,12,0,0
S35,22,2,11,9,1206,17,3,2