S-code,ครั้งที่ส่ง,คะแนนครั้งล่าสุด(%),คะแนนสูงสุด(%),กรณีที่1,กรณีที่2,กรณีที่3(ซ่อน),E1เดิม(ดิบ),E1แบบก(ดิบ),E1แบบข(ดิบ)
S01,5,100,100,ผ่าน,ผ่าน,ผ่าน,57,57,54
S02,24,33,100,ผ่าน,ไม่ผ่าน,ไม่ผ่าน,57,58,56
S03,29,0,67,ไม่ผ่าน,ไม่ผ่าน,ไม่ผ่าน,46,46,46
S04,9,0,100,ไม่ผ่าน,ไม่ผ่าน,ไม่ผ่าน,48,48,48
S05,3,100,100,ผ่าน,ผ่าน,ผ่าน,57,57,54
S06,2,100,100,ผ่าน,ผ่าน,ผ่าน,58,58,55
S07,3,100,100,ผ่าน,ผ่าน,ผ่าน,58,58,55
S08,5,100,100,ผ่าน,ผ่าน,ผ่าน,55,55,52
S09,17,0,0,ไม่ผ่าน,ไม่ผ่าน,ไม่ผ่าน,53,53,53
S10,1,100,100,ผ่าน,ผ่าน,ผ่าน,48,48,45
S11,5,100,100,ผ่าน,ผ่าน,ผ่าน,53,53,50
S12,3,100,100,ผ่าน,ผ่าน,ผ่าน,59,59,56
S13,6,100,100,ผ่าน,ผ่าน,ผ่าน,54,54,51
S14,23,0,67,ไม่ผ่าน,ไม่ผ่าน,ไม่ผ่าน,51,51,51
S15,2,100,100,ผ่าน,ผ่าน,ผ่าน,55,55,52
S16,20,100,100,ผ่าน,ผ่าน,ผ่าน,60,60,57
S17,11,0,67,ไม่ผ่าน,ไม่ผ่าน,ไม่ผ่าน,53,53,53
S18,13,100,100,ผ่าน,ผ่าน,ผ่าน,59,59,56
S19,3,100,100,ผ่าน,ผ่าน,ผ่าน,52,52,49
S20,6,100,100,ผ่าน,ผ่าน,ผ่าน,55,55,52
S21,32,0,100,ไม่ผ่าน,ไม่ผ่าน,ไม่ผ่าน,56,56,56
S22,13,0,100,ไม่ผ่าน,ไม่ผ่าน,ไม่ผ่าน,53,53,53
S23,1,0,0,ไม่ผ่าน,ไม่ผ่าน,ไม่ผ่าน,51,51,51
S24,4,100,100,ผ่าน,ผ่าน,ผ่าน,51,51,48
S25,5,100,100,ผ่าน,ผ่าน,ผ่าน,53,53,50
S26,8,100,100,ผ่าน,ผ่าน,ผ่าน,57,57,54
S27,5,0,100,ไม่ผ่าน,ไม่ผ่าน,ไม่ผ่าน,45,45,45
S28,26,100,100,ผ่าน,ผ่าน,ผ่าน,51,51,48
S29,4,100,100,ผ่าน,ผ่าน,ผ่าน,58,58,55
S30,66,67,67,ผ่าน,ผ่าน,ไม่ผ่าน,47,48,45
S31,15,33,100,ผ่าน,ไม่ผ่าน,ไม่ผ่าน,55,56,54
S32,3,100,100,ผ่าน,ผ่าน,ผ่าน,55,55,52
S33,5,100,100,ผ่าน,ผ่าน,ผ่าน,51,51,48
S34,34,0,67,ไม่ผ่าน,ไม่ผ่าน,ไม่ผ่าน,52,52,52
S35,30,67,67,ผ่าน,ผ่าน,ไม่ผ่าน,50,51,48