รายวิชา,รหัสผู้เรียน (ไม่ระบุตัวตน),คะแนนดิบ (ครั้งล่าสุด),ร้อยละ (ครั้งล่าสุด),คะแนนดิบ (สูงสุด),ร้อยละ (สูงสุด),คะแนนเต็ม
ว31281 การเขียนโปรแกรมคอมพิวเตอร์เบื้องต้น 1/69,X01,57,95.00,59,98.33,60
ว31281 การเขียนโปรแกรมคอมพิวเตอร์เบื้องต้น 1/69,X02,57,95.00,59,98.33,60
ว31281 การเขียนโปรแกรมคอมพิวเตอร์เบื้องต้น 1/69,X03,46,76.67,49,81.67,60
ว31281 การเขียนโปรแกรมคอมพิวเตอร์เบื้องต้น 1/69,X04,48,80.00,59,98.33,60
ว31281 การเขียนโปรแกรมคอมพิวเตอร์เบื้องต้น 1/69,X05,57,95.00,59,98.33,60
ว31281 การเขียนโปรแกรมคอมพิวเตอร์เบื้องต้น 1/69,X06,58,96.67,59,98.33,60
ว31281 การเขียนโปรแกรมคอมพิวเตอร์เบื้องต้น 1/69,X07,58,96.67,59,98.33,60
ว31281 การเขียนโปรแกรมคอมพิวเตอร์เบื้องต้น 1/69,X08,55,91.67,56,93.33,60
ว31281 การเขียนโปรแกรมคอมพิวเตอร์เบื้องต้น 1/69,X09,53,88.33,55,91.67,60
ว31281 การเขียนโปรแกรมคอมพิวเตอร์เบื้องต้น 1/69,X10,48,80.00,50,83.33,60
ว31281 การเขียนโปรแกรมคอมพิวเตอร์เบื้องต้น 1/69,X11,53,88.33,59,98.33,60
ว31281 การเขียนโปรแกรมคอมพิวเตอร์เบื้องต้น 1/69,X12,59,98.33,60,100.00,60
ว31281 การเขียนโปรแกรมคอมพิวเตอร์เบื้องต้น 1/69,X13,54,90.00,59,98.33,60
ว31281 การเขียนโปรแกรมคอมพิวเตอร์เบื้องต้น 1/69,X14,51,85.00,58,96.67,60
ว31281 การเขียนโปรแกรมคอมพิวเตอร์เบื้องต้น 1/69,X15,55,91.67,56,93.33,60
ว31281 การเขียนโปรแกรมคอมพิวเตอร์เบื้องต้น 1/69,X16,60,100.00,60,100.00,60
ว31281 การเขียนโปรแกรมคอมพิวเตอร์เบื้องต้น 1/69,X17,53,88.33,57,95.00,60
ว31281 การเขียนโปรแกรมคอมพิวเตอร์เบื้องต้น 1/69,X18,59,98.33,59,98.33,60
ว31281 การเขียนโปรแกรมคอมพิวเตอร์เบื้องต้น 1/69,X19,52,86.67,58,96.67,60
ว31281 การเขียนโปรแกรมคอมพิวเตอร์เบื้องต้น 1/69,X20,55,91.67,59,98.33,60
ว31281 การเขียนโปรแกรมคอมพิวเตอร์เบื้องต้น 1/69,X21,56,93.33,59,98.33,60
ว31281 การเขียนโปรแกรมคอมพิวเตอร์เบื้องต้น 1/69,X22,53,88.33,59,98.33,60
ว31281 การเขียนโปรแกรมคอมพิวเตอร์เบื้องต้น 1/69,X23,51,85.00,51,85.00,60
ว31281 การเขียนโปรแกรมคอมพิวเตอร์เบื้องต้น 1/69,X24,51,85.00,51,85.00,60
ว31281 การเขียนโปรแกรมคอมพิวเตอร์เบื้องต้น 1/69,X25,53,88.33,59,98.33,60
ว31281 การเขียนโปรแกรมคอมพิวเตอร์เบื้องต้น 1/69,X26,57,95.00,59,98.33,60
ว31281 การเขียนโปรแกรมคอมพิวเตอร์เบื้องต้น 1/69,X27,45,75.00,53,88.33,60
ว31281 การเขียนโปรแกรมคอมพิวเตอร์เบื้องต้น 1/69,X28,51,85.00,54,90.00,60
ว31281 การเขียนโปรแกรมคอมพิวเตอร์เบื้องต้น 1/69,X29,58,96.67,59,98.33,60
ว31281 การเขียนโปรแกรมคอมพิวเตอร์เบื้องต้น 1/69,X30,47,78.33,58,96.67,60
ว31281 การเขียนโปรแกรมคอมพิวเตอร์เบื้องต้น 1/69,X31,55,91.67,59,98.33,60
ว31281 การเขียนโปรแกรมคอมพิวเตอร์เบื้องต้น 1/69,X32,55,91.67,59,98.33,60
ว31281 การเขียนโปรแกรมคอมพิวเตอร์เบื้องต้น 1/69,X33,51,85.00,59,98.33,60
ว31281 การเขียนโปรแกรมคอมพิวเตอร์เบื้องต้น 1/69,X34,52,86.67,55,91.67,60
ว31281 การเขียนโปรแกรมคอมพิวเตอร์เบื้องต้น 1/69,X35,50,83.33,53,88.33,60
ว31281 การเขียนโปรแกรมคอมพิวเตอร์เบื้องต้น 1/69,X36,22,36.67,34,56.67,60
ว31281 การเขียนโปรแกรมคอมพิวเตอร์เบื้องต้น 1/68,X01,48,73.85,53,81.54,65
ว31281 การเขียนโปรแกรมคอมพิวเตอร์เบื้องต้น 1/68,X02,47,72.31,47,72.31,65
ว31281 การเขียนโปรแกรมคอมพิวเตอร์เบื้องต้น 1/68,X03,51,78.46,51,78.46,65
ว31281 การเขียนโปรแกรมคอมพิวเตอร์เบื้องต้น 1/68,X04,49,75.38,49,75.38,65
ว31281 การเขียนโปรแกรมคอมพิวเตอร์เบื้องต้น 1/68,X05,0,0.00,0,0.00,65
ว31281 การเขียนโปรแกรมคอมพิวเตอร์เบื้องต้น 1/68,X06,48,73.85,48,73.85,65
ว31281 การเขียนโปรแกรมคอมพิวเตอร์เบื้องต้น 1/68,X07,49,75.38,49,75.38,65
ว31281 การเขียนโปรแกรมคอมพิวเตอร์เบื้องต้น 1/68,X08,53,81.54,57,87.69,65
ว31281 การเขียนโปรแกรมคอมพิวเตอร์เบื้องต้น 1/68,X09,52,80.00,52,80.00,65
ว31281 การเขียนโปรแกรมคอมพิวเตอร์เบื้องต้น 1/68,X10,47,72.31,47,72.31,65
ว31281 การเขียนโปรแกรมคอมพิวเตอร์เบื้องต้น 1/68,X11,53,81.54,53,81.54,65
ว31281 การเขียนโปรแกรมคอมพิวเตอร์เบื้องต้น 1/68,X12,50,76.92,50,76.92,65
ว31281 การเขียนโปรแกรมคอมพิวเตอร์เบื้องต้น 1/68,X13,47,72.31,47,72.31,65
ว31281 การเขียนโปรแกรมคอมพิวเตอร์เบื้องต้น 1/68,X14,44,67.69,44,67.69,65
ว31281 การเขียนโปรแกรมคอมพิวเตอร์เบื้องต้น 1/68,X15,49,75.38,49,75.38,65
ว31281 การเขียนโปรแกรมคอมพิวเตอร์เบื้องต้น 1/68,X16,46,70.77,46,70.77,65
ว31281 การเขียนโปรแกรมคอมพิวเตอร์เบื้องต้น 1/68,X17,48,73.85,49,75.38,65
ว31281 การเขียนโปรแกรมคอมพิวเตอร์เบื้องต้น 1/68,X18,49,75.38,49,75.38,65
ว31281 การเขียนโปรแกรมคอมพิวเตอร์เบื้องต้น 1/68,X19,50,76.92,50,76.92,65
ว31281 การเขียนโปรแกรมคอมพิวเตอร์เบื้องต้น 1/68,X20,51,78.46,51,78.46,65
ว31281 การเขียนโปรแกรมคอมพิวเตอร์เบื้องต้น 1/68,X21,47,72.31,47,72.31,65
ว31281 การเขียนโปรแกรมคอมพิวเตอร์เบื้องต้น 1/68,X22,48,73.85,48,73.85,65
ว31281 การเขียนโปรแกรมคอมพิวเตอร์เบื้องต้น 1/68,X23,50,76.92,50,76.92,65
ว31281 การเขียนโปรแกรมคอมพิวเตอร์เบื้องต้น 1/68,X24,47,72.31,47,72.31,65
ว31281 การเขียนโปรแกรมคอมพิวเตอร์เบื้องต้น 1/68,X25,52,80.00,52,80.00,65
ว31281 การเขียนโปรแกรมคอมพิวเตอร์เบื้องต้น 1/68,X26,52,80.00,52,80.00,65
ว31281 การเขียนโปรแกรมคอมพิวเตอร์เบื้องต้น 1/68,X27,53,81.54,53,81.54,65
ว31281 การเขียนโปรแกรมคอมพิวเตอร์เบื้องต้น 1/68,X28,48,73.85,48,73.85,65
ว31281 การเขียนโปรแกรมคอมพิวเตอร์เบื้องต้น 1/68,X29,50,76.92,50,76.92,65
ว31281 การเขียนโปรแกรมคอมพิวเตอร์เบื้องต้น 1/68,X30,50,76.92,50,76.92,65
ว31281 การเขียนโปรแกรมคอมพิวเตอร์เบื้องต้น 1/68,X31,51,78.46,51,78.46,65
ว31281 การเขียนโปรแกรมคอมพิวเตอร์เบื้องต้น 1/68,X32,50,76.92,50,76.92,65
ว31281 การเขียนโปรแกรมคอมพิวเตอร์เบื้องต้น 1/68,X33,49,75.38,49,75.38,65